checking_account,duration_months,credit_history,purpose,credit_amount,savings_account,employment_years,installment_rate,personal_status,guarantors,residence_years,property,age,other_credits,housing,existing_credits,job,dependents,telephone,foreign_worker,risk,age_group,monthly_payment,high_credit
3,18,4,2,1049,3,2,4,2,1,4,2,21,3,0,1,1,2,1,2,0,3,58.28,0
3,9,4,0,2799,3,0,2,3,1,2,1,36,3,0,2,1,1,1,2,0,1,311.0,1
1,12,2,9,841,1,1,2,2,1,4,1,23,3,0,1,3,2,1,2,0,3,70.08,0
3,12,4,0,2122,3,0,3,3,1,2,1,39,3,0,2,3,1,1,1,0,1,176.83,0
3,12,4,0,2171,3,0,4,3,1,4,2,38,1,1,2,3,2,1,1,0,1,180.92,0
3,10,4,0,2241,3,2,1,3,1,3,1,48,3,0,2,3,1,1,1,0,1,224.1,0
3,8,4,0,3398,3,1,1,3,1,4,1,39,3,1,2,3,2,1,1,0,1,424.75,1
3,6,4,0,1361,3,2,2,3,1,4,1,40,3,1,1,3,1,1,1,0,1,226.83,0
0,18,4,3,1098,3,4,4,2,1,4,3,65,3,1,2,2,2,1,2,0,2,61.0,0
1,24,2,3,3758,2,4,1,2,1,4,4,23,3,0,1,2,2,1,2,0,3,156.58,1
3,11,4,0,3905,3,0,2,3,1,2,1,36,3,0,2,1,1,1,2,0,1,355.0,1
3,30,4,1,6187,1,1,1,4,1,4,3,24,3,0,2,1,2,1,2,0,3,206.23,1
3,6,4,3,1957,3,1,1,2,1,4,3,31,3,1,1,1,2,1,2,0,0,326.17,0
1,48,3,10,7582,1,4,2,3,1,4,4,31,3,1,1,0,2,2,2,0,0,157.96,1
3,18,2,3,1936,4,1,2,4,1,4,3,23,3,0,2,3,2,1,2,0,3,107.56,0
3,6,2,3,2647,2,0,2,3,1,3,1,44,3,0,1,1,1,1,2,0,1,441.17,1
3,11,4,0,3939,3,0,1,3,1,2,1,40,3,1,2,3,1,1,2,0,1,358.09,1
1,18,2,3,3213,2,2,1,4,1,3,1,25,3,0,1,1,2,1,2,0,3,178.5,1
1,36,4,3,2337,3,3,4,3,1,4,1,36,3,1,1,1,2,1,2,0,1,64.92,1
0,11,4,0,7228,3,0,1,3,1,4,2,39,3,1,2,3,2,1,2,0,1,657.09,1
3,6,4,0,3676,3,0,1,3,1,3,1,37,3,0,3,1,1,1,2,0,1,612.67,1
1,12,4,0,3124,3,2,1,3,1,3,1,49,1,1,2,3,1,1,2,0,1,260.33,1
1,36,2,5,2384,3,2,4,3,1,1,4,33,3,0,1,3,2,1,2,1,0,66.22,1
1,12,4,4,1424,3,1,4,3,1,3,2,26,3,1,1,1,2,1,2,0,0,118.67,0
3,6,4,0,4716,4,2,1,3,1,3,1,44,3,1,2,3,1,1,2,0,1,786.0,1
1,11,3,3,4771,3,1,2,3,1,4,2,51,3,1,1,1,2,1,2,0,2,433.73,1
3,12,2,2,652,3,3,4,2,1,4,2,24,3,0,1,1,2,1,2,0,3,54.33,0
1,9,4,3,1154,3,3,2,3,1,4,1,37,3,1,3,3,2,1,2,0,1,128.22,0
0,15,2,0,3556,4,0,3,3,1,2,4,29,3,1,1,1,2,1,2,0,0,237.07,1
2,42,4,1,4796,3,3,4,3,1,4,4,56,3,2,1,1,2,1,2,0,2,114.19,1
2,30,4,3,3017,3,3,4,3,1,4,2,47,3,1,1,1,2,1,2,0,1,100.57,1
0,36,4,0,3535,3,1,4,3,1,4,3,37,3,1,2,1,2,2,2,0,1,98.19,1
0,36,4,0,6614,3,3,4,3,1,4,3,34,3,1,2,0,2,2,2,0,0,183.72,1
0,24,2,3,1376,2,1,4,2,1,1,3,28,3,1,1,1,2,1,2,0,0,57.33,0
3,15,2,0,1721,3,2,2,3,1,3,1,36,3,1,1,1,2,1,2,0,1,114.73,0
3,6,4,0,860,3,3,1,2,1,4,4,39,3,1,2,1,2,2,2,0,1,143.33,0
0,12,4,0,1495,3,3,4,3,1,1,1,38,3,1,2,3,1,1,2,0,1,124.58,0
0,12,4,3,1934,3,3,2,3,1,2,4,26,3,1,2,1,2,1,2,0,0,161.17,0
0,18,2,1,3378,4,0,2,3,1,1,2,31,3,1,1,1,2,2,2,0,0,187.67,1
0,24,4,1,3868,3,3,4,2,1,2,3,41,3,0,2,0,2,2,2,0,1,161.17,1
0,12,4,5,996,4,1,4,2,1,4,1,23,3,1,2,1,2,1,2,0,3,83.0,0
3,24,2,10,1755,3,3,4,2,3,4,1,58,3,1,1,3,2,2,2,0,2,73.12,0
0,18,4,0,1028,3,0,4,2,1,3,1,36,3,1,2,1,2,1,2,0,1,57.11,0
1,24,4,9,2825,4,1,4,3,1,3,4,34,3,1,2,1,1,2,2,0,0,117.71,1
1,18,2,6,1239,4,0,4,3,1,4,4,61,3,2,1,1,2,1,2,0,2,68.83,0
3,18,2,0,1216,3,2,4,2,1,3,3,23,3,0,1,1,2,2,2,1,3,67.56,0
0,24,2,9,1258,3,1,4,3,1,1,1,25,3,1,1,1,2,2,2,0,3,52.42,0
0,18,4,6,1864,1,0,4,2,1,2,1,30,3,1,2,1,2,1,2,1,0,103.56,0
0,24,2,0,1474,1,2,4,4,1,3,1,33,3,1,1,1,2,2,2,0,0,61.42,0
3,24,4,9,1382,1,1,4,3,1,1,1,26,3,1,2,1,2,2,2,0,0,57.58,0
0,12,2,0,640,3,0,4,1,1,2,1,49,3,1,1,3,2,1,2,0,1,53.33,0
2,36,2,3,3919,3,0,2,3,1,2,1,23,3,1,1,1,2,2,2,0,3,108.86,1
0,9,4,0,1224,3,0,3,3,1,1,1,30,3,1,2,1,2,1,2,0,0,136.0,0
0,12,4,3,2331,4,3,1,3,2,4,1,49,3,1,1,1,2,2,2,0,1,194.25,1
0,24,2,1,6313,4,3,3,3,1,4,3,41,3,1,1,0,1,2,2,0,1,263.04,1
3,12,4,3,385,3,1,4,2,1,3,1,58,3,1,4,3,2,2,2,0,2,32.08,0
0,12,4,3,1655,3,3,2,3,1,4,1,63,3,1,2,3,2,2,2,0,2,137.92,0
3,15,2,3,1053,3,2,4,4,1,2,1,27,3,1,1,1,2,1,1,0,0,70.2,0
0,21,2,3,3160,4,3,4,3,1,3,2,41,3,1,1,1,2,2,2,0,1,150.48,1
0,36,2,0,3079,4,0,4,3,1,4,1,36,3,1,1,1,2,1,2,0,1,85.53,1
0,12,4,0,1163,2,0,4,3,1,4,1,44,3,1,1,1,2,2,2,0,1,96.92,0
0,24,2,1,2679,3,2,4,2,1,1,4,29,3,1,1,0,2,2,2,0,0,111.62,1
0,48,4,3,3578,4,3,4,3,1,1,1,47,3,1,1,1,2,2,2,0,1,74.54,1
0,36,3,0,10875,3,3,2,3,1,2,3,45,3,1,2,1,1,2,2,0,1,302.08,1
3,12,3,0,1344,3,0,4,3,1,2,1,43,3,1,2,3,1,1,2,0,1,112.0,0
0,6,4,3,1237,1,0,1,2,1,1,2,27,3,1,2,1,2,1,2,0,0,206.17,0
0,12,2,3,3077,3,0,2,3,1,4,3,52,3,1,1,1,2,2,2,0,2,256.42,1
0,24,2,3,2284,3,1,4,3,1,2,3,28,3,1,1,1,2,2,2,0,0,95.17,0
1,12,2,3,1567,3,0,1,2,1,1,3,22,3,1,1,1,2,2,2,0,3,130.58,0
0,24,3,0,2032,3,3,4,3,1,4,4,60,3,2,2,1,2,2,2,0,2,84.67,0
1,21,4,2,2745,0,1,3,3,1,2,3,32,3,1,2,1,2,2,2,0,0,130.71,1
0,30,2,3,1867,4,3,4,3,1,4,3,58,3,1,1,1,2,2,2,0,2,62.23,0
0,36,2,3,2299,2,3,4,3,1,4,3,39,3,1,1,1,2,1,2,0,1,63.86,0
0,24,2,2,929,4,1,4,3,1,2,3,31,2,1,1,1,2,2,2,0,0,38.71,0
2,12,2,3,3399,4,3,2,3,1,3,3,37,3,1,1,0,2,1,2,0,1,283.25,1
1,9,2,2,2030,4,1,2,3,1,1,3,24,3,1,1,1,2,2,2,0,3,225.56,0
0,21,4,1,3275,3,3,1,3,1,4,3,36,3,1,1,0,2,2,2,0,1,155.95,1
0,24,4,0,1940,0,3,4,3,1,4,1,60,3,1,1,1,2,2,2,0,2,80.83,0
3,21,4,0,1602,3,3,4,4,1,3,3,30,3,1,2,1,2,2,2,0,0,76.29,0
0,15,2,3,1979,4,3,4,3,1,2,3,35,3,1,1,1,2,1,2,0,0,131.93,0
0,24,4,0,2022,3,0,4,2,1,4,3,37,3,1,1,1,2,2,2,0,1,84.25,0
0,36,4,3,3342,4,3,4,3,1,2,3,51,3,1,1,1,2,2,2,0,2,92.83,1
1,18,2,0,5866,1,0,2,3,1,2,3,30,3,1,2,1,2,2,2,0,0,325.89,1
2,15,4,1,2360,2,0,2,3,1,2,3,36,3,1,1,1,2,2,2,0,1,157.33,1
0,15,4,2,1520,4,3,4,3,1,4,2,63,3,1,1,1,2,1,2,0,2,101.33,0
3,12,2,0,3651,0,0,1,3,1,3,2,31,3,1,1,1,1,1,2,0,0,304.25,1
0,24,4,1,2346,3,1,4,3,1,3,3,35,3,1,2,1,2,2,2,0,0,97.75,1
0,36,3,3,4454,3,0,4,2,1,4,1,34,3,1,2,1,2,1,2,0,0,123.72,1
3,6,4,0,666,0,1,3,2,1,4,1,39,3,1,2,3,2,2,2,0,1,111.0,0
1,24,3,0,1965,4,0,4,2,1,4,3,42,3,0,2,1,2,2,2,0,1,81.88,0
1,12,4,0,1995,1,2,4,3,1,1,3,27,3,1,1,1,2,1,2,0,0,166.25,0
1,30,2,3,2991,4,3,2,2,1,4,3,25,3,1,1,1,2,1,2,0,3,99.7,1
1,30,0,9,4221,3,0,2,2,1,1,3,28,3,1,2,1,2,1,2,0,0,140.7,1
3,9,2,3,1364,3,1,3,3,1,4,1,59,3,1,1,1,2,1,2,0,2,151.56,0
1,18,4,2,6361,3,3,2,3,1,1,4,41,3,1,1,1,2,2,2,0,1,353.39,1
0,27,4,2,4526,0,2,4,3,1,2,1,32,2,1,2,3,1,2,2,0,0,167.63,1
1,12,4,3,3573,3,0,1,2,1,1,1,23,3,1,1,3,2,1,2,0,3,297.75,1
1,36,3,9,4455,3,0,2,1,1,2,1,30,2,1,2,0,2,2,2,1,0,123.75,1
3,9,2,2,2136,3,0,3,3,1,2,1,25,3,1,1,1,2,1,2,0,3,237.33,0
1,42,4,9,5954,3,1,2,2,1,1,1,41,1,1,2,3,2,1,2,0,1,141.76,1
0,24,4,2,3777,0,0,4,3,1,4,1,40,3,1,1,1,2,2,2,0,1,157.38,1
3,15,2,9,806,3,0,4,2,1,4,2,22,3,1,1,3,2,1,2,0,3,53.73,0
1,24,3,9,4712,4,0,4,3,1,2,2,34,1,1,2,0,2,2,2,0,0,196.33,1
1,36,3,0,7432,3,0,2,2,1,2,2,54,3,0,1,1,2,1,2,0,2,206.44,1
0,24,4,3,1851,3,1,4,4,3,2,3,33,3,1,2,1,2,2,2,0,0,77.12,0
0,24,2,0,1393,3,0,2,3,3,2,1,31,3,1,1,1,2,2,2,0,0,58.04,0
0,12,4,9,1412,3,0,4,2,3,2,1,29,3,1,2,0,2,2,2,0,0,117.67,0
0,18,2,3,1473,3,2,3,4,1,4,1,39,3,1,1,1,2,2,2,0,1,81.83,0
0,24,2,3,1533,3,2,4,2,1,3,3,38,2,1,1,1,2,2,2,0,1,63.88,0
0,12,4,6,2012,4,1,4,2,1,2,3,61,3,1,1,1,2,1,2,0,2,167.67,0
3,15,2,0,3959,3,0,3,2,1,2,2,29,3,1,1,1,2,2,2,1,0,263.93,1
3,6,2,2,428,3,3,2,2,1,1,2,49,1,1,1,1,2,2,2,0,1,71.33,0
1,12,4,0,2366,2,1,3,1,1,3,3,36,3,1,1,0,2,2,2,0,1,197.17,1
0,12,2,2,763,3,0,4,2,1,1,1,26,3,1,1,1,2,2,2,0,0,63.58,0
1,21,2,2,3976,4,1,2,3,1,3,3,35,3,1,1,1,2,2,2,0,0,189.33,1
1,18,2,0,6260,3,1,3,3,1,3,1,28,3,0,1,3,2,1,2,0,0,347.78,1
1,9,4,2,1919,3,1,4,3,1,3,3,35,3,0,1,1,2,2,2,0,0,213.22,0
0,24,2,1,2603,0,0,2,2,1,4,3,28,3,0,1,1,2,2,2,0,0,108.46,1
0,9,4,6,936,2,3,4,3,1,2,3,52,3,1,2,1,2,2,2,0,2,104.0,0
0,24,2,2,3062,2,3,4,3,1,3,4,32,3,0,1,1,2,2,2,0,0,127.58,1
1,36,2,3,4795,3,2,4,2,1,1,4,30,3,1,1,0,2,2,2,0,0,133.19,1
0,36,4,1,5842,3,3,2,3,1,2,2,35,3,1,2,1,1,2,2,0,0,162.28,1
1,6,2,3,2063,3,2,4,4,1,3,3,30,3,0,1,0,2,2,2,0,0,343.83,0
0,15,4,3,1459,3,0,4,2,1,2,3,43,3,1,1,3,2,1,2,0,1,97.27,0
0,15,2,3,1213,2,3,4,3,1,3,2,47,2,1,1,1,2,2,2,0,1,80.87,0
0,24,4,3,5103,3,2,3,4,1,3,4,47,3,2,3,1,2,2,2,0,1,212.62,1
0,15,2,4,874,4,2,4,2,1,1,1,24,3,1,1,1,2,1,2,0,3,58.27,0
0,6,2,2,2978,2,0,1,3,1,2,3,32,3,1,1,1,2,2,2,0,0,496.33,1
0,18,2,0,1820,3,0,2,4,1,2,2,30,3,1,1,0,2,2,2,0,0,101.11,0
0,24,4,3,2872,1,3,3,3,1,4,1,36,3,1,1,1,1,2,2,0,1,119.67,1
2,24,2,2,1925,3,0,2,3,1,2,1,26,3,1,1,1,2,1,2,0,0,80.21,0
0,18,2,2,2515,3,0,3,3,1,4,1,43,3,1,1,1,2,2,2,0,1,139.72,1
2,6,2,2,2116,3,0,2,3,1,2,1,41,3,1,1,1,2,2,2,0,1,352.67,0
0,18,2,3,1453,3,2,3,2,1,1,1,26,3,1,1,1,2,1,2,0,0,80.72,0
0,10,2,0,1364,3,0,2,2,1,4,3,64,3,1,1,1,2,2,2,0,2,136.4,0
0,6,2,2,1543,0,0,4,1,1,2,1,33,3,1,1,1,2,1,2,0,0,257.17,0
1,12,2,0,1318,0,3,4,3,1,4,1,54,3,1,1,1,2,2,2,0,2,109.83,0
3,24,1,0,2325,1,1,2,3,1,3,3,32,1,1,1,1,2,1,2,0,0,96.88,1
1,6,4,8,932,4,1,1,2,1,3,2,39,3,1,2,3,2,1,2,0,1,155.33,0
2,24,4,3,3148,4,0,3,3,1,2,3,31,3,1,2,1,2,2,2,0,0,131.17,1
0,36,2,3,3835,4,3,2,2,1,4,1,45,3,1,1,3,2,2,2,0,1,106.53,1
0,9,2,6,3832,4,3,1,3,1,4,1,64,3,1,1,3,2,1,2,0,2,425.78,1
1,24,2,3,5084,4,3,2,2,1,4,3,42,3,1,1,1,2,2,2,0,1,211.83,1
0,9,4,2,2406,3,4,2,3,1,3,3,31,3,1,1,0,2,1,2,0,0,267.33,1
0,36,2,3,2394,4,0,4,2,1,4,3,25,3,1,1,1,2,1,2,0,3,66.5,1
0,21,2,1,2476,4,3,4,3,1,4,1,46,3,1,1,0,2,2,2,0,1,117.9,1
3,24,2,1,2964,4,3,4,3,1,4,4,49,1,2,1,1,1,2,2,0,1,123.5,1
3,12,2,2,1262,4,3,2,1,1,4,2,49,3,1,1,3,2,2,2,0,1,105.17,0
0,12,2,9,1542,3,1,2,3,1,4,3,36,3,1,1,1,2,2,2,0,1,128.5,0
1,24,4,3,1743,3,3,4,3,1,2,2,48,3,1,2,3,2,1,2,0,1,72.62,0
2,12,1,3,409,0,0,3,2,1,3,1,42,3,0,2,1,2,1,2,0,1,34.08,0
0,12,2,3,2171,3,2,2,2,1,2,3,29,1,1,1,1,2,1,2,0,0,180.92,0
0,48,4,1,8858,4,1,2,3,1,1,4,35,3,2,2,1,2,2,2,0,0,184.54,1
1,24,2,0,3512,1,1,2,3,1,3,3,38,1,1,2,1,2,2,2,0,1,146.33,1
1,12,2,3,1158,2,0,3,1,1,1,3,26,3,1,1,1,2,2,2,0,0,96.5,0
0,24,4,3,2684,3,0,4,3,1,2,1,35,3,1,2,3,2,1,2,0,0,111.83,1
3,12,2,3,1498,3,0,4,2,1,1,3,23,1,1,1,1,2,1,2,0,3,124.83,0
0,30,4,3,5954,3,1,3,3,2,2,3,38,3,1,1,1,2,1,2,0,1,198.47,1
1,48,1,9,6416,3,3,4,2,1,3,4,59,3,0,1,1,2,1,2,1,2,133.67,1
1,12,4,2,3617,3,3,1,3,1,4,3,28,3,0,3,1,2,2,2,0,0,301.42,1
0,12,4,3,1291,3,0,4,2,1,2,2,35,3,1,2,1,2,1,2,0,0,107.58,0
2,24,4,9,1275,0,0,2,1,1,4,1,36,3,1,2,1,2,2,2,0,1,53.12,0
0,24,2,2,3972,3,1,2,2,1,4,2,25,3,0,1,1,2,2,2,0,3,165.5,1
0,15,4,2,3343,3,0,4,3,1,2,4,28,3,2,1,1,2,2,2,0,0,222.87,1
2,15,2,6,392,3,2,4,2,1,4,2,23,3,0,1,1,2,2,2,0,3,26.13,0
0,9,4,0,2134,3,0,4,3,1,4,3,48,3,1,3,1,2,2,2,0,1,237.11,0
0,30,4,3,5771,3,1,4,2,1,2,3,25,3,1,2,1,2,1,2,0,3,192.37,1
0,24,4,9,4526,3,0,3,3,1,2,1,74,3,1,1,0,2,2,2,0,2,188.58,1
0,15,4,2,2788,3,1,2,2,2,3,3,24,1,1,2,1,2,1,2,0,3,185.87,1
0,6,4,3,1382,3,0,1,2,1,1,3,28,3,1,2,1,2,2,2,0,0,230.33,0
2,36,2,3,5848,3,0,4,3,1,1,3,24,3,1,1,1,2,1,2,0,3,162.44,1
3,12,2,0,1228,3,0,4,2,1,2,1,24,3,1,1,3,2,1,2,1,3,102.33,0
2,12,2,3,1297,3,0,3,4,1,4,1,23,3,0,1,1,2,1,2,0,3,108.08,0
0,24,2,3,1552,3,1,3,3,1,1,3,32,1,1,1,1,1,1,2,0,0,64.67,0
0,12,2,3,1963,3,1,4,3,1,2,3,31,3,0,2,0,1,2,2,0,0,163.58,0
0,24,2,3,3235,2,3,3,1,1,2,3,36,3,1,1,0,2,2,2,0,1,134.79,1
0,24,4,9,4139,1,0,3,3,1,3,2,27,3,1,2,3,2,2,2,0,0,172.46,1
1,12,4,1,1804,1,2,3,3,1,4,2,44,3,1,1,1,2,1,2,0,1,150.33,0
0,18,2,9,1950,3,1,4,3,1,1,3,34,2,1,2,1,2,2,2,0,0,108.33,0
0,48,3,3,12749,2,1,4,3,1,1,3,37,3,1,1,0,2,2,2,0,1,265.6,1
0,9,2,4,1236,3,2,1,2,1,4,1,23,3,0,1,1,2,2,2,0,3,137.33,0
0,18,4,0,1055,3,2,4,2,1,1,2,30,3,1,2,1,2,1,2,0,0,58.61,0
3,30,0,9,8072,4,2,2,3,1,3,3,25,1,1,3,1,2,1,2,0,3,269.07,1
0,30,4,3,2831,3,0,4,2,1,2,3,33,3,1,1,1,2,2,2,0,0,94.37,1
0,9,2,9,1449,3,1,3,2,1,2,3,27,3,1,2,1,2,1,2,0,0,161.0,0
0,36,2,9,5742,1,1,2,3,1,2,3,31,3,1,2,1,2,2,2,0,0,159.5,1
0,12,2,0,2390,4,3,4,3,1,3,3,50,3,1,1,1,2,2,2,0,1,199.17,1
0,24,2,3,3430,2,3,3,3,1,2,3,31,3,1,1,1,1,2,2,0,0,142.92,1
1,36,2,6,2273,3,1,3,3,1,1,3,32,3,1,2,1,1,1,2,0,0,63.14,0
2,21,2,0,2923,1,0,1,2,1,1,3,28,1,1,1,0,2,2,2,0,0,139.19,1
0,24,2,3,1901,1,0,4,3,1,4,3,29,3,0,1,0,2,2,2,0,0,79.21,0
1,36,2,6,3711,4,0,2,4,1,2,3,27,3,1,1,1,2,1,2,0,0,103.08,1
1,48,2,0,8487,4,1,1,2,1,2,3,24,3,1,1,1,2,1,2,0,3,176.81,1
0,24,2,0,2255,4,2,4,3,1,1,2,54,3,1,1,1,2,1,2,0,2,93.96,0
0,12,2,3,1262,3,0,3,3,1,2,3,25,3,1,1,1,2,1,2,0,3,105.17,0
0,33,4,1,7253,3,1,3,3,1,2,3,35,3,1,2,0,2,2,2,0,0,219.79,1
0,6,4,0,6761,3,1,1,3,1,3,4,45,3,1,2,0,1,2,2,0,1,1126.83,1
0,18,4,2,1817,3,0,4,2,1,2,4,28,3,1,2,1,2,1,2,0,0,100.94,0
0,12,2,3,2141,1,1,3,3,1,1,4,35,3,1,1,1,2,1,2,0,0,178.42,0
0,48,1,9,3609,3,0,1,2,1,1,1,27,2,1,1,1,2,1,2,0,0,75.19,1
0,30,2,3,2333,2,3,4,3,1,2,3,30,1,1,1,0,2,1,2,0,0,77.77,1
0,28,1,1,7824,4,2,3,3,3,4,1,40,1,0,2,1,1,2,2,0,1,279.43,1
2,18,1,3,1445,4,1,4,3,1,4,3,49,1,1,1,3,2,1,2,0,1,80.28,0
3,24,2,2,7721,4,2,1,2,1,2,2,30,3,1,1,1,2,2,1,0,0,321.71,1
3,21,2,0,3763,4,1,2,3,2,2,1,24,3,1,1,3,2,1,1,0,3,179.19,1
1,18,2,9,4439,3,3,1,3,2,1,1,33,1,1,1,0,2,2,2,0,0,246.61,1
3,12,2,3,1107,3,0,2,3,1,2,1,20,3,0,1,0,1,2,2,0,3,92.25,0
1,15,2,3,1444,4,2,4,3,1,1,2,23,3,1,1,1,2,1,2,0,3,96.27,0
1,48,1,0,12169,4,4,4,3,2,4,4,36,3,2,1,0,2,2,2,0,1,253.52,1
0,9,2,3,2753,1,3,3,3,2,4,3,35,3,1,1,1,2,2,2,0,0,305.89,1
2,4,2,0,1494,4,2,1,3,1,2,1,29,3,1,1,3,1,1,1,0,0,373.5,0
3,24,1,2,2828,2,0,4,3,1,4,1,22,2,1,1,1,2,2,2,0,3,117.83,1
3,24,1,2,2483,2,0,4,3,1,4,1,22,2,1,1,1,2,2,2,0,3,103.46,1
2,6,4,0,1299,3,0,1,3,1,1,1,74,3,1,3,2,1,1,1,0,2,216.5,0
1,9,2,0,1549,4,2,4,3,1,2,1,35,3,1,1,2,2,1,2,0,0,172.11,0
2,10,2,0,3949,3,2,1,3,3,1,2,37,3,1,1,3,1,1,2,0,1,394.9,1
0,10,2,1,2901,4,2,1,2,1,4,1,31,3,0,1,1,2,1,2,0,0,290.1,1
2,6,2,0,709,0,2,2,4,1,2,1,27,3,1,1,2,2,1,1,0,0,118.17,0
3,47,2,0,10722,3,2,1,2,1,1,1,35,3,1,1,3,2,2,2,0,0,228.13,1
0,10,2,0,1287,4,3,4,3,2,2,2,45,3,1,1,3,2,1,1,0,1,128.7,0
3,18,1,3,1940,3,2,3,3,2,4,4,36,1,2,1,0,2,2,2,0,1,107.78,0
2,30,4,3,3656,4,3,4,3,1,4,2,49,2,1,2,3,2,1,2,0,1,121.87,1
0,24,3,1,4679,3,1,3,3,1,3,3,35,3,1,2,3,2,2,2,0,0,194.96,1
0,27,3,1,8613,0,0,2,3,1,2,3,27,3,1,2,1,2,1,2,0,0,319.0,1
3,18,2,2,2659,0,0,4,3,1,2,3,28,3,1,1,1,2,1,2,0,0,147.72,1
0,24,4,3,1516,0,0,4,2,1,1,1,43,3,1,2,3,2,1,2,0,1,63.17,0
3,18,2,0,4380,1,0,3,3,1,4,3,35,3,1,1,3,1,2,2,0,0,243.33,1
0,14,3,0,802,3,0,4,3,1,2,3,27,3,1,2,3,2,1,2,0,0,57.29,0
0,21,2,9,1572,0,3,4,2,1,4,1,36,1,1,1,3,2,1,2,0,1,74.86,0
1,48,1,9,3566,1,1,4,3,1,2,3,30,3,1,1,1,2,1,2,0,0,74.29,1
0,24,2,3,1278,3,3,4,3,1,1,1,36,3,1,1,0,2,2,2,0,1,53.25,0
0,6,0,3,426,3,3,4,4,1,4,3,39,3,1,1,3,2,1,2,0,1,71.0,0
0,39,2,1,8588,1,3,4,3,1,2,3,45,3,1,1,0,2,2,2,0,1,220.21,1
3,30,2,1,3857,3,0,4,1,1,4,2,40,3,1,1,0,2,2,2,0,1,128.57,1
1,12,2,0,685,3,1,2,4,1,3,3,25,1,1,1,3,2,1,2,1,3,57.08,0
3,24,2,3,1603,3,3,4,2,1,4,3,55,3,1,1,1,2,1,2,0,2,66.79,0
0,21,2,2,2241,3,3,4,3,1,2,1,50,3,1,2,1,2,1,2,0,1,106.71,0
3,24,2,3,2384,3,3,4,3,1,4,1,64,1,0,1,3,2,1,2,0,2,99.33,1
0,4,2,2,601,3,2,1,2,1,3,1,23,3,0,1,3,1,1,2,0,3,150.25,0
0,39,2,1,2569,2,0,4,3,1,4,3,24,3,1,1,1,2,1,2,0,3,65.87,1
0,15,4,3,1316,2,0,2,4,1,2,2,47,3,1,2,3,2,1,2,0,1,87.73,0
0,60,2,0,10366,3,3,2,3,1,4,2,42,3,1,1,0,2,2,2,0,1,172.77,1
0,18,2,9,1568,1,0,3,2,1,4,2,24,3,0,1,3,2,1,2,0,3,87.11,0
0,18,4,3,629,2,3,4,3,1,3,2,32,1,1,2,0,2,2,2,0,0,34.94,0
0,6,1,3,1750,2,3,2,3,1,4,2,45,1,1,1,3,1,1,2,0,1,291.67,0
0,24,2,1,3488,1,1,3,2,1,4,3,23,3,1,1,1,2,1,2,0,3,145.33,1
0,18,4,3,1800,3,0,4,3,1,2,3,24,3,1,2,1,2,1,2,0,3,100.0,0
0,24,3,2,4151,1,0,2,3,1,3,2,35,3,1,2,1,2,1,2,0,0,172.96,1
1,15,2,5,2631,1,0,3,2,1,2,1,25,3,1,1,3,2,1,2,0,3,175.4,1
0,21,2,1,5248,4,0,1,3,1,3,3,26,3,1,1,1,2,1,2,0,0,249.9,1
1,18,3,0,2899,4,3,4,3,1,4,3,43,3,1,1,1,1,1,2,0,1,161.06,1
1,18,3,5,6204,3,0,2,3,1,4,1,44,3,1,1,3,1,2,2,0,1,344.67,1
0,12,2,3,804,3,3,4,3,1,4,3,38,3,1,1,1,2,1,2,0,1,67.0,0
0,36,2,3,3595,3,3,4,3,1,2,3,28,3,1,1,1,2,1,2,0,0,99.86,1
0,36,4,1,5711,0,3,4,3,1,2,3,38,3,1,2,0,2,2,2,0,1,158.64,1
2,15,2,9,2687,3,1,2,3,1,4,2,26,3,0,1,1,2,2,2,0,0,179.13,1
3,15,3,2,3643,3,3,1,2,1,4,2,27,3,1,2,3,2,1,2,0,0,242.87,1
0,10,4,2,2146,3,2,1,2,1,3,1,23,3,0,2,1,2,1,2,0,3,214.6,0
3,10,2,3,2315,3,3,3,3,1,4,1,52,3,1,1,3,2,1,2,0,2,231.5,0
0,5,2,9,3448,3,1,1,3,1,4,1,74,3,1,1,3,2,1,2,0,2,689.6,1
0,15,2,2,2708,3,2,2,3,1,3,2,27,1,1,2,3,2,1,2,0,0,180.53,1
0,11,4,0,1393,3,2,4,2,1,4,3,35,3,1,2,0,2,1,2,0,0,126.64,0
2,10,2,2,1275,3,2,4,2,1,2,2,23,3,1,1,1,2,1,2,0,3,127.5,0
0,9,2,2,1313,3,3,1,3,1,4,3,20,3,1,1,1,2,1,2,0,3,145.89,0
0,12,2,3,1493,3,2,4,2,1,3,3,34,3,1,1,1,1,1,2,0,0,124.42,0
0,22,2,3,2675,2,3,3,3,1,4,3,40,3,1,1,1,2,1,2,0,1,121.59,1
1,9,2,3,2118,3,0,2,3,1,2,1,37,3,1,1,3,1,1,2,0,1,235.33,0
0,36,2,0,909,2,3,4,3,1,4,2,36,3,1,1,1,2,1,2,0,1,25.25,0
0,12,4,2,1258,3,2,2,2,1,4,2,22,3,0,2,3,2,1,2,0,3,104.83,0
0,15,1,3,1569,1,3,4,3,1,4,3,34,1,1,1,3,1,1,2,0,0,104.6,0
0,6,2,1,1236,2,0,2,3,1,4,2,50,3,0,1,1,2,1,2,0,1,206.0,0
0,36,3,2,7678,2,1,2,2,1,4,3,40,3,1,2,1,2,2,2,0,1,213.28,1
0,6,2,5,660,2,1,2,4,1,4,1,23,3,0,1,3,2,1,2,0,3,110.0,0
0,24,2,2,2835,2,3,3,3,1,4,2,53,3,1,1,1,2,1,2,0,2,118.12,1
0,24,2,1,2670,3,3,4,3,1,4,3,35,3,1,1,0,2,2,2,0,0,111.25,1
0,12,1,8,3447,2,0,4,2,1,3,1,35,3,1,1,3,1,1,2,0,0,287.25,1
0,15,2,3,3568,3,3,4,2,1,2,3,54,1,0,1,0,2,2,2,0,2,237.87,1
1,21,4,9,3652,3,1,2,3,1,3,2,27,3,1,2,1,2,1,2,0,0,173.9,1
3,24,2,3,3660,3,0,2,2,1,4,3,28,3,1,1,1,2,1,2,0,0,152.5,1
2,9,2,3,1126,1,3,2,1,1,4,1,49,3,1,1,1,2,1,2,0,1,125.11,0
2,6,3,3,683,3,2,2,2,1,1,2,29,1,1,1,1,2,1,2,0,0,113.83,0
2,12,2,2,2251,3,0,1,2,1,2,3,46,3,1,1,3,2,1,2,0,1,187.58,0
0,12,2,1,4675,4,2,1,2,1,4,3,20,3,0,1,1,2,1,2,0,3,389.58,1
1,21,3,0,2353,3,0,1,1,1,4,2,47,3,1,2,1,2,1,2,0,1,112.05,1
3,21,2,3,3357,0,2,4,2,1,2,3,29,1,1,1,1,2,1,2,0,0,159.86,1
0,6,2,0,672,3,4,1,2,1,4,1,54,3,1,1,2,2,2,2,0,2,112.0,0
3,6,4,3,338,2,3,4,3,1,4,3,52,3,1,2,1,2,1,2,0,2,56.33,0
0,9,2,3,2697,3,0,1,3,1,2,1,32,3,1,1,1,1,1,2,0,0,299.67,1
0,9,2,0,2507,2,3,2,3,1,4,4,51,3,2,1,3,2,1,2,0,2,278.56,1
0,15,3,3,1478,3,0,4,4,1,3,1,33,1,1,2,1,2,1,2,0,0,98.53,0
0,12,4,6,3565,4,2,2,3,1,1,2,37,3,1,2,3,1,1,2,0,1,297.08,1
0,15,2,2,2221,2,0,2,2,1,4,3,20,3,0,1,1,2,1,2,0,3,148.07,0
0,6,4,3,1898,4,0,1,3,1,2,1,34,3,1,2,3,1,1,2,0,0,316.33,0
1,6,3,9,1449,1,3,1,1,1,2,3,31,1,1,2,1,1,1,2,0,0,241.5,0
0,15,3,2,960,0,1,3,2,1,2,2,30,3,1,2,1,2,1,2,0,0,64.0,0
0,36,2,1,8133,3,0,1,2,1,2,2,30,1,1,1,1,2,1,2,0,0,225.92,1
0,9,2,2,2301,1,2,2,2,1,4,2,22,3,0,1,1,2,1,2,0,3,255.67,0
0,6,3,9,1743,1,0,1,3,1,2,1,34,3,1,2,3,2,1,2,0,0,290.5,0
1,12,2,2,983,0,2,1,2,1,4,1,19,3,0,1,3,2,1,2,0,3,81.92,0
0,18,3,3,2320,3,4,2,4,1,3,1,34,3,1,2,1,2,1,2,0,0,128.89,1
3,12,1,8,339,3,3,4,4,1,1,3,45,1,1,1,3,2,1,2,0,1,28.25,0
2,24,2,3,5152,3,1,4,3,1,2,3,25,1,1,1,1,2,1,2,0,3,214.67,1
2,24,2,2,3749,3,2,2,2,1,4,3,26,3,1,1,1,2,1,2,0,0,156.21,1
0,9,4,3,3074,4,0,1,3,1,2,1,33,3,1,2,1,1,1,2,0,0,341.56,1
2,9,2,3,745,3,0,3,2,1,2,1,28,3,1,1,3,2,1,2,1,0,82.78,0
0,24,2,0,1469,1,3,4,4,1,4,1,41,3,0,1,3,2,1,2,0,1,61.21,0
3,6,2,2,1374,3,0,1,3,1,2,1,36,1,1,1,3,2,2,2,0,1,229.0,0
0,6,1,0,783,4,0,1,3,3,2,1,26,2,1,1,3,1,1,2,0,0,130.5,0
3,21,2,3,2606,3,2,4,2,1,4,2,28,3,0,1,0,2,2,2,0,0,124.1,1
0,54,0,1,9436,4,0,2,3,1,2,2,39,3,1,1,3,1,1,2,0,1,174.74,1
0,12,4,3,930,4,3,4,3,1,4,1,65,3,1,4,1,2,1,2,0,2,77.5,0
0,48,4,1,2751,4,3,4,3,1,3,3,38,3,1,2,1,1,2,2,0,1,57.31,1
0,6,4,0,250,0,0,2,2,1,2,1,41,1,1,2,3,2,1,2,0,1,41.67,0
1,24,2,0,1201,3,2,4,3,1,1,2,26,3,1,1,1,2,1,2,0,0,50.04,0
3,6,2,0,662,3,2,3,3,1,4,1,41,3,1,1,3,1,2,2,0,1,110.33,0
0,15,2,1,1300,4,3,4,3,1,4,4,45,1,2,1,1,1,1,2,0,1,86.67,0
0,24,1,9,1559,3,1,4,3,1,4,3,40,1,1,1,1,2,2,2,0,1,64.96,0
2,12,2,3,3016,3,0,3,4,1,1,3,24,3,1,1,1,2,1,2,0,3,251.33,1
0,15,4,3,1360,3,0,4,3,1,2,2,31,3,1,2,1,2,1,2,0,0,90.67,0
0,6,0,0,1204,1,0,4,3,1,1,4,35,1,0,1,1,2,1,1,0,0,200.67,0
0,10,2,0,1597,2,0,3,3,1,2,4,40,3,0,1,3,1,1,1,0,1,159.7,0
0,12,2,3,2073,1,0,4,2,2,2,1,28,3,1,1,1,2,1,2,0,0,172.75,0
0,11,2,9,2142,0,3,1,1,1,2,1,28,3,1,1,1,2,2,2,0,0,194.73,0
3,10,4,2,2132,4,2,2,2,2,3,1,27,3,0,2,1,2,1,1,0,0,213.2,0
0,10,2,0,1546,3,0,3,3,1,2,1,31,3,1,1,3,1,1,1,0,0,154.6,0
0,24,4,0,1287,0,3,4,2,1,4,1,37,3,1,2,1,2,2,2,0,1,53.62,0
0,10,2,0,1418,1,0,3,3,1,2,1,35,3,0,1,3,2,1,1,0,0,141.8,0
2,6,4,0,1343,3,3,1,3,1,4,1,46,3,1,2,1,1,1,1,0,1,223.83,0
0,18,2,0,2662,4,1,4,3,1,3,2,32,3,1,1,1,2,1,1,0,0,147.89,1
0,18,4,3,6070,3,3,3,3,1,4,3,33,3,1,2,1,2,2,2,0,0,337.22,1
0,24,4,6,1927,4,0,3,2,1,2,3,33,3,1,2,1,2,2,2,0,0,80.29,0
0,18,4,3,2404,3,0,2,2,1,2,3,26,3,1,2,1,2,1,2,0,0,133.56,1
0,6,4,3,1554,3,1,1,2,1,2,3,24,3,0,2,1,2,2,2,0,3,259.0,0
0,22,2,0,1283,4,1,4,2,1,4,2,25,3,0,1,1,2,1,2,0,3,58.32,0
0,24,3,0,717,4,3,4,4,1,4,3,54,3,1,2,1,2,2,2,0,2,29.88,0
3,24,2,2,1747,3,2,4,3,2,1,2,24,3,1,1,3,2,1,1,0,3,72.79,0
3,9,4,5,1288,1,3,3,3,3,4,1,48,3,1,2,1,1,1,1,0,1,143.11,0
3,10,4,0,1038,3,1,4,3,2,3,2,49,3,1,2,1,2,2,2,0,1,103.8,0
0,10,2,1,2848,1,0,1,3,2,2,1,32,3,1,1,1,1,1,2,0,0,284.8,1
0,12,2,1,1413,0,1,3,3,1,2,2,55,3,1,1,1,2,1,1,0,2,117.75,0
0,30,4,3,3077,4,3,3,3,1,2,3,40,3,1,2,1,1,2,2,0,1,102.57,1
3,24,1,1,3632,3,0,1,2,3,4,3,22,1,0,1,1,2,1,1,0,3,151.33,1
0,18,4,1,3229,4,4,2,3,1,4,4,38,3,1,1,0,2,2,2,0,1,179.39,1
0,9,2,0,3577,1,0,1,3,3,2,1,26,3,0,1,1,1,1,1,0,0,397.44,1
0,12,4,0,682,1,1,4,2,1,3,3,51,3,1,2,1,2,2,2,0,2,56.83,0
0,10,2,3,1924,3,0,1,3,1,4,2,38,3,1,1,1,2,2,1,0,1,192.4,0
0,10,2,6,727,2,3,4,3,1,4,4,46,3,2,1,1,2,2,2,0,1,72.7,0
2,10,4,0,781,3,3,4,3,1,4,4,63,3,2,2,1,2,2,2,0,2,78.1,0
3,12,4,0,2121,3,0,4,3,1,2,2,30,3,1,2,1,2,1,2,0,0,176.75,0
0,12,4,6,701,3,0,4,3,1,2,3,32,3,1,2,1,2,1,2,0,0,58.42,0
0,10,4,2,2069,4,0,2,4,1,1,3,26,3,1,2,1,2,1,1,0,0,206.9,0
0,24,2,0,1525,0,1,4,2,1,3,3,34,3,1,1,1,1,2,2,0,0,63.54,0
0,48,4,9,7629,4,3,4,1,1,2,3,46,1,1,2,0,1,1,2,0,1,158.94,1
3,12,4,0,3499,3,0,3,2,2,2,1,29,3,1,2,1,2,1,2,1,0,291.58,1
0,6,2,3,1346,1,3,2,3,1,4,4,42,1,2,1,1,1,2,2,0,1,224.33,0
0,36,4,1,10477,4,3,2,3,1,4,4,42,3,2,2,1,2,1,2,0,1,291.03,1
3,24,2,1,2924,3,0,3,3,3,4,4,63,1,1,1,1,1,2,2,0,2,121.83,1
0,10,4,0,1231,3,3,3,3,1,4,1,32,3,1,2,3,1,1,1,0,0,123.1,0
2,18,2,0,1961,3,3,3,2,1,2,3,23,3,1,1,0,2,1,2,0,3,108.94,0
0,15,4,0,5045,4,3,1,2,1,4,3,59,3,1,1,1,2,2,2,0,2,336.33,1
0,12,4,0,1255,3,3,4,3,1,4,1,61,3,1,2,3,2,1,2,0,2,104.58,0
3,12,2,2,1858,3,2,4,2,1,1,3,22,3,0,1,1,2,1,2,0,3,154.83,0
0,6,4,2,1221,4,0,1,4,1,2,2,27,3,1,2,1,2,1,2,0,0,203.5,0
0,9,2,2,1388,3,0,4,2,1,2,1,26,3,0,1,1,2,1,2,0,0,154.22,0
0,12,2,3,2279,4,0,4,3,1,4,4,37,3,2,1,1,2,2,2,0,1,189.92,0
0,12,0,2,2759,3,3,2,3,1,4,2,34,3,1,2,1,2,1,2,0,0,229.92,1
2,24,2,3,1258,2,0,3,2,1,3,3,57,3,1,1,3,2,1,2,0,2,52.42,0
1,12,0,8,1410,3,0,2,3,1,2,1,31,3,1,1,3,2,2,2,0,0,117.5,0
3,15,2,0,1403,3,0,2,2,1,4,3,28,3,0,1,1,2,1,2,0,0,93.53,0
3,24,2,2,3021,3,0,2,1,1,2,1,24,3,0,1,3,2,1,2,0,3,125.88,1
3,24,2,9,6568,3,0,2,4,1,2,3,21,2,1,1,3,2,1,2,0,3,273.67,1
0,24,4,3,2578,0,3,2,3,1,2,3,34,3,1,1,1,2,1,2,0,0,107.42,1
1,24,4,1,7758,0,3,2,2,1,4,4,29,3,0,1,1,2,1,2,0,0,323.25,1
3,6,2,4,343,3,2,4,2,1,1,1,27,3,1,1,1,2,1,2,0,0,57.17,0
0,21,3,2,1591,1,1,4,3,1,3,1,34,3,1,2,0,2,1,2,0,0,75.76,0
3,27,2,3,3416,3,0,3,3,1,2,3,27,3,1,1,0,2,1,2,0,0,126.52,1
3,12,0,5,1108,3,1,4,3,1,3,1,28,3,1,2,1,2,1,2,1,0,92.33,0
1,27,3,1,5965,3,3,1,3,1,2,3,30,3,1,2,0,2,2,2,0,0,220.93,1
1,15,2,5,1514,1,0,4,3,3,2,1,22,3,1,1,1,2,1,2,0,3,100.93,0
0,30,4,3,6742,4,1,2,3,1,3,2,36,3,1,2,1,2,1,2,0,1,224.73,1
3,18,2,2,3650,3,2,1,2,1,4,3,22,3,0,1,1,2,1,2,0,3,202.78,1
3,21,2,2,3599,3,1,1,2,1,4,3,26,3,0,1,3,2,1,2,0,0,171.38,1
0,60,4,0,13756,4,3,2,3,1,4,4,63,1,2,1,0,2,2,2,0,2,229.27,1
1,9,2,0,276,3,0,4,4,1,4,1,22,3,0,1,3,2,1,2,0,3,30.67,0
0,42,4,2,4041,2,0,4,3,1,4,1,36,3,1,2,1,2,2,2,0,1,96.21,1
1,9,2,3,458,3,0,4,3,1,3,1,24,3,1,1,1,2,1,2,0,3,50.89,0
1,9,2,2,918,3,0,4,2,1,1,2,30,3,1,1,1,2,1,2,1,0,102.0,0
0,24,2,0,7393,3,0,1,3,1,4,2,43,3,1,1,3,1,1,2,0,1,308.04,1
2,10,2,4,1225,3,0,2,3,1,2,3,37,3,1,1,1,2,2,2,0,1,122.5,0
3,24,2,1,2812,4,3,2,2,1,4,1,26,3,0,1,1,2,1,2,0,0,117.17,1
0,15,2,1,3029,3,1,2,3,1,2,3,33,3,1,1,1,2,1,2,0,0,201.93,1
2,12,4,0,1480,2,4,2,3,1,4,4,66,1,2,3,2,2,1,2,0,2,123.33,0
2,6,4,6,1047,3,0,2,2,1,4,2,50,3,1,1,3,2,1,2,0,1,174.5,0
0,15,4,3,1471,3,0,4,3,1,4,4,35,3,2,2,1,2,2,2,0,0,98.07,0
0,24,2,2,5511,1,0,4,3,1,1,3,25,2,1,1,1,2,1,2,0,3,229.62,1
1,9,2,3,1206,3,3,4,2,1,4,1,25,3,1,1,1,2,1,2,0,3,134.0,0
1,24,3,3,6403,3,2,1,3,1,2,3,33,3,1,1,1,2,1,2,0,0,266.79,1
0,12,2,3,707,3,0,4,3,1,2,1,30,1,1,2,1,2,1,2,0,0,58.92,0
0,12,3,1,1503,3,0,4,4,1,4,1,41,3,0,1,1,2,1,2,0,1,125.25,0
1,12,2,0,6078,3,1,2,3,1,2,3,32,3,1,1,1,2,1,2,0,0,506.5,1
1,27,2,9,2528,3,2,4,2,1,1,2,32,3,1,1,1,1,2,2,0,0,93.63,1
1,12,2,9,1037,1,1,3,3,1,4,1,39,3,1,1,3,2,1,2,0,1,86.42,0
3,6,2,1,1352,2,4,1,2,1,2,2,23,3,0,1,2,2,2,2,0,3,225.33,0
0,24,2,3,3181,3,2,4,2,1,4,2,26,3,1,1,1,2,2,2,0,0,132.54,1
0,18,2,3,4594,3,2,3,3,1,2,3,32,3,1,1,1,2,2,2,0,0,255.22,1
1,48,2,10,5381,4,4,3,3,1,4,4,40,1,2,1,2,2,2,2,0,1,112.1,1
0,15,2,1,4657,3,0,3,3,1,2,3,30,3,1,1,1,2,2,2,0,0,310.47,1
1,9,2,9,1391,3,0,2,4,1,1,1,27,1,1,1,1,2,2,2,0,0,154.56,0
1,18,2,9,1913,0,2,3,4,1,3,1,36,1,1,1,1,2,2,2,0,1,106.28,0
0,42,2,3,7166,4,1,2,4,1,4,2,29,3,0,1,1,2,2,2,0,0,170.62,1
0,13,2,3,1409,1,4,2,2,1,4,1,64,3,1,1,1,2,1,2,0,2,108.38,0
0,24,3,9,2978,4,0,4,3,1,4,1,32,3,1,2,1,1,2,2,0,0,124.08,1
0,12,4,3,976,4,3,4,3,1,4,3,35,3,1,2,1,2,1,2,0,0,81.33,0
0,24,3,9,2375,2,0,4,3,1,2,3,44,3,1,2,1,1,2,2,0,1,98.96,1
0,12,4,3,522,2,3,4,3,1,4,2,42,3,1,2,1,1,2,2,0,1,43.5,0
0,28,4,3,2743,3,3,4,3,1,2,3,29,3,1,2,1,2,1,2,0,0,97.96,1
0,11,4,3,1154,1,4,4,2,1,4,1,57,3,1,3,3,2,1,2,0,2,104.91,0
0,24,4,1,5804,0,0,4,3,1,2,1,27,3,1,2,1,2,1,2,0,0,241.83,1
0,18,4,3,1169,4,0,4,3,1,3,2,29,3,1,2,1,2,2,2,0,0,64.94,0
3,15,4,2,1478,3,3,4,3,1,4,3,44,3,1,2,1,1,2,2,0,1,98.53,0
0,12,2,3,776,3,0,4,4,1,2,1,28,3,1,1,1,2,1,2,0,0,64.67,0
1,11,4,0,1322,0,0,4,2,1,4,3,40,3,1,2,1,2,1,2,0,1,120.18,0
1,16,4,0,1175,3,4,2,3,1,3,3,68,3,2,3,2,2,2,2,0,2,73.44,0
0,12,2,0,2133,4,3,4,2,1,4,4,52,3,2,1,0,2,2,2,0,2,177.75,0
0,15,4,3,1829,3,3,4,3,1,4,3,46,3,1,2,1,2,2,2,0,1,121.93,0
0,12,4,3,717,3,3,4,3,1,4,1,52,3,1,3,1,2,1,2,0,2,59.75,0
1,39,3,6,11760,1,1,2,3,1,3,4,32,3,0,1,1,2,2,2,0,0,301.54,1
1,9,4,6,1501,3,3,2,2,1,3,3,34,3,1,2,0,2,2,2,1,0,166.78,0
3,12,2,6,1200,4,0,4,2,1,4,2,23,1,0,1,1,2,2,2,0,3,100.0,0
1,9,2,0,3195,4,0,1,2,1,2,1,33,3,1,1,3,2,1,2,0,0,355.0,1
0,30,4,3,4530,3,1,4,2,1,4,3,26,3,0,1,0,2,2,2,0,0,151.0,1
0,12,3,5,1555,0,3,4,3,1,4,4,55,3,2,2,1,1,1,2,1,2,129.58,0
1,15,4,9,2326,2,0,2,3,1,4,3,27,1,1,1,1,2,1,2,0,0,155.07,1
1,18,4,9,1887,4,0,4,4,1,4,1,28,1,1,2,1,2,1,2,0,0,104.83,0
0,12,4,9,1264,4,3,4,3,1,4,4,57,3,0,1,3,2,1,2,0,2,105.33,0
0,7,3,3,846,4,3,3,3,1,4,4,36,3,2,1,1,2,1,2,0,1,120.86,0
0,15,4,6,1532,1,0,4,2,1,3,3,31,3,1,1,1,2,1,2,0,0,102.13,0
0,6,3,3,935,3,0,3,2,1,2,1,24,3,1,1,1,2,1,2,0,3,155.83,0
3,27,4,9,2442,3,3,4,3,1,4,3,43,2,1,4,0,1,2,2,0,1,90.44,1
1,18,4,9,3590,3,4,3,4,1,3,3,40,3,1,3,2,1,2,2,0,1,199.44,1
0,21,4,2,2288,3,2,4,2,1,4,2,23,3,1,1,1,2,2,2,0,3,108.95,0
0,27,3,9,5117,3,1,3,3,1,4,3,26,3,1,2,1,2,1,2,0,0,189.52,1
3,39,4,2,14179,4,1,4,3,1,4,2,30,3,1,2,0,2,2,2,0,0,363.56,1
0,15,2,3,1386,4,0,4,4,1,2,1,40,3,0,1,1,2,2,2,0,1,92.4,0
0,12,4,3,618,3,3,4,3,1,4,1,56,3,1,1,1,2,1,2,0,2,51.5,0
0,12,2,2,1574,3,0,4,3,1,2,1,50,3,1,1,1,2,1,2,0,1,131.17,0
0,6,4,3,700,4,3,4,3,1,4,4,36,3,2,2,1,2,1,2,0,1,116.67,0
0,12,2,3,886,4,0,4,2,1,2,3,21,3,1,1,1,2,1,2,0,3,73.83,0
0,36,2,1,4686,3,0,2,3,1,2,4,32,3,2,1,0,2,2,2,0,0,130.17,1
1,9,2,3,790,2,0,4,2,1,3,1,66,3,1,1,3,2,1,2,0,2,87.78,0
1,12,2,3,766,2,0,4,3,1,3,1,66,3,1,1,3,2,1,2,1,2,63.83,0
3,20,2,2,2212,4,1,4,3,1,4,3,39,3,1,1,1,2,2,2,0,1,110.6,0
1,10,2,0,7308,3,4,2,3,1,4,4,70,1,2,1,0,2,2,2,0,2,730.8,1
1,24,4,6,5743,3,2,2,2,1,4,4,24,3,2,2,1,2,2,2,0,3,239.29,1
3,14,2,0,3973,3,4,1,3,1,4,4,22,3,2,1,1,2,1,2,0,3,283.79,1
1,60,3,3,7418,4,0,1,3,1,1,1,27,3,1,1,3,2,1,2,0,0,123.63,1
1,20,3,10,2629,3,0,2,3,1,3,3,29,1,1,2,1,2,2,2,0,0,131.45,1
1,18,2,9,1941,0,0,4,3,1,2,2,35,3,1,1,3,2,2,2,0,0,107.83,0
1,24,3,2,2333,4,2,4,3,1,2,2,29,1,1,1,3,2,1,2,0,0,97.21,1
0,12,2,1,2445,4,2,2,4,1,4,3,26,3,0,1,1,2,2,2,0,0,203.75,1
1,20,2,1,6468,4,4,1,1,1,4,1,60,3,1,1,0,2,2,2,0,2,323.4,1
1,18,4,2,7374,3,4,4,3,1,4,2,40,2,1,2,0,2,2,2,0,1,409.67,1
0,15,2,1,3812,1,2,1,2,1,4,3,23,3,1,1,1,2,2,2,0,3,254.13,1
3,28,2,0,4006,3,0,3,3,1,2,3,45,3,1,1,3,2,1,2,1,1,143.07,1
1,12,2,0,7472,4,4,1,2,1,2,1,24,3,0,1,2,2,1,2,0,3,622.67,1
2,12,2,2,1424,4,3,3,2,1,4,1,55,3,1,1,0,2,2,2,0,2,118.67,0
1,12,2,1,2028,4,0,4,3,1,2,3,30,3,1,1,1,2,1,2,0,0,169.0,0
0,15,2,0,5324,2,3,1,2,1,4,4,35,3,2,1,1,2,1,2,0,0,354.93,1
1,36,2,3,2323,3,1,4,3,1,4,3,24,3,0,1,1,2,1,2,0,3,64.53,1
0,12,2,6,1393,3,3,4,3,1,4,2,47,1,1,3,1,1,2,2,0,1,116.08,0
0,18,2,2,1984,3,0,4,3,1,4,4,47,1,2,2,1,2,1,2,0,1,110.22,0
0,24,2,3,999,4,3,4,3,1,2,3,25,3,1,2,1,2,1,2,0,3,41.62,0
0,36,2,9,7409,4,3,3,3,1,2,2,37,3,1,2,1,2,1,2,0,1,205.81,1
0,15,2,2,2186,4,1,1,2,1,4,1,33,1,0,1,3,2,1,2,0,0,145.73,0
2,36,2,3,4473,3,3,4,3,1,2,3,31,3,1,1,1,2,1,2,0,0,124.25,1
0,24,2,8,937,3,2,4,4,1,3,3,27,3,1,2,3,2,1,2,0,0,39.04,0
0,18,2,2,3422,3,3,4,3,1,4,2,47,1,1,3,1,1,2,2,0,1,190.11,1
0,24,2,3,3105,4,2,4,3,1,2,3,25,3,1,2,1,2,1,2,0,3,129.38,1
0,12,4,6,2748,3,3,2,2,1,4,4,57,1,2,3,3,2,1,2,0,2,229.0,1
1,18,2,5,3872,3,4,2,2,1,4,3,67,3,1,1,1,2,2,2,0,2,215.11,1
0,27,2,5,5190,4,3,4,3,1,4,2,48,3,1,4,1,1,2,2,0,1,192.22,1
1,18,2,2,3001,3,1,2,2,1,4,1,40,3,0,1,1,2,1,2,0,1,166.72,1
0,24,3,9,3863,3,0,1,3,1,2,4,32,3,2,1,1,2,1,2,0,0,160.96,1
0,12,4,2,5801,4,3,2,3,1,4,2,49,3,0,1,1,2,2,1,0,1,483.42,1
0,12,4,2,1592,0,1,3,2,1,2,2,35,3,1,1,1,2,1,2,0,0,132.67,0
0,12,4,9,1185,3,0,3,2,1,2,1,27,3,1,2,1,2,1,2,0,0,98.75,0
0,18,4,2,3780,3,2,3,1,1,2,3,35,3,1,2,0,2,2,2,0,0,210.0,1
1,18,4,2,3612,3,3,3,2,1,4,2,37,3,1,1,1,2,2,1,0,1,200.67,1
0,12,2,9,1076,3,0,2,4,1,2,1,26,3,1,1,1,2,2,2,0,0,89.67,0
0,12,2,0,3527,4,2,2,3,1,3,2,45,3,1,1,0,1,2,2,0,1,293.92,1
0,18,2,3,2051,3,2,4,3,1,1,1,33,3,1,1,1,2,1,2,0,0,113.94,0
0,12,4,2,3331,3,3,2,3,1,4,2,42,2,1,1,1,2,1,2,0,1,277.58,1
3,18,0,9,3104,3,1,3,3,1,1,2,31,1,1,1,1,2,2,2,0,0,172.44,1
0,24,4,3,2611,3,3,4,4,2,3,1,46,3,1,2,1,2,1,2,0,1,108.79,1
3,12,4,1,1409,3,3,4,3,1,3,1,54,3,1,1,1,2,1,2,0,2,117.42,0
0,24,2,3,1311,1,1,4,4,1,3,2,26,3,1,1,1,2,2,2,0,0,54.62,0
0,6,2,3,2108,3,1,2,4,1,2,1,29,3,0,1,1,2,1,2,0,0,351.33,0
0,24,4,1,4042,4,1,3,3,1,4,2,43,3,1,2,1,2,2,2,0,1,168.42,1
0,12,4,0,926,3,4,1,2,1,2,2,38,3,1,1,2,2,1,2,0,1,77.17,0
3,12,2,3,1680,2,3,3,4,1,1,1,35,3,1,1,1,2,1,2,0,0,140.0,0
0,24,2,0,1249,3,2,4,4,1,2,1,28,3,1,1,1,2,1,2,0,0,52.04,0
0,24,4,0,2463,1,1,4,4,1,3,2,27,3,1,2,1,2,2,2,0,0,102.62,1
0,6,2,3,1595,3,1,3,3,1,2,2,51,3,1,1,1,1,1,2,0,2,265.83,0
0,24,4,5,2058,3,0,4,1,1,2,1,33,3,1,2,1,2,2,2,0,0,85.75,0
0,24,2,1,7814,3,1,3,3,1,3,3,38,3,1,1,0,2,2,2,0,1,325.58,1
0,6,4,3,1740,3,3,2,4,1,2,1,30,3,0,2,1,2,1,2,0,0,290.0,0
0,12,4,3,1240,4,3,4,2,1,2,1,38,3,1,2,1,2,2,2,0,1,103.33,0
0,24,4,1,6842,4,0,2,3,1,4,2,46,3,1,2,0,1,2,2,0,1,285.08,1
0,24,4,2,5150,3,3,4,3,1,4,3,33,3,1,1,1,2,2,2,0,0,214.58,1
3,6,2,0,1203,1,3,3,3,1,2,2,43,3,1,1,1,2,2,2,0,1,200.5,0
0,6,4,0,2080,2,0,1,4,1,2,3,24,3,1,1,1,2,1,2,0,3,346.67,0
0,6,2,6,1538,3,2,1,2,1,2,4,56,3,1,1,1,2,1,2,0,2,256.33,0
1,24,4,0,3878,1,2,4,1,1,2,3,37,3,1,1,1,2,2,2,0,1,161.58,1
1,30,2,2,3832,3,2,2,4,1,1,2,22,3,1,1,1,2,1,2,0,3,127.73,1
0,15,2,0,3186,0,1,2,2,1,3,3,20,3,0,1,1,2,1,2,0,3,212.4,1
1,24,2,3,2896,1,2,2,3,1,1,3,29,3,1,1,1,2,1,2,0,0,120.67,1
1,24,3,9,6967,1,1,4,3,1,4,3,36,3,0,1,0,2,2,2,0,1,290.29,1
0,36,2,6,1819,3,0,4,3,1,4,4,37,2,2,1,1,2,2,2,1,1,50.53,0
0,24,2,3,5943,4,2,1,2,1,1,3,44,3,1,2,1,2,2,2,1,1,247.62,1
0,36,4,2,7127,3,2,2,2,1,4,2,23,3,0,2,1,2,2,2,1,3,197.97,1
0,36,2,2,3349,3,0,4,2,1,2,3,28,3,1,1,0,2,2,2,1,0,93.03,1
0,36,2,2,10974,3,4,4,2,1,2,3,26,3,1,2,0,2,2,2,1,0,304.83,1
0,6,2,3,518,3,0,3,2,1,1,1,29,3,1,1,1,2,1,2,0,0,86.33,0
0,18,2,3,1126,4,2,4,2,1,2,1,21,3,0,1,1,2,2,2,0,3,62.56,0
1,12,4,1,1860,3,4,4,3,1,2,3,34,3,1,2,0,2,2,2,0,0,155.0,0
0,36,4,3,9566,3,0,2,2,1,2,3,31,2,1,2,1,2,1,2,0,0,265.72,1
3,12,2,3,701,3,0,4,4,1,2,1,40,3,1,1,3,2,1,2,0,1,58.42,0
1,12,2,3,2930,3,1,2,2,1,1,1,27,3,1,1,1,2,1,2,0,0,244.17,1
0,18,2,3,1505,3,0,4,3,1,2,4,32,3,2,1,0,2,2,2,0,0,83.61,0
0,18,4,3,2238,3,0,2,2,1,1,3,25,3,1,2,1,2,1,2,0,3,124.33,0
0,4,4,3,1503,3,1,2,3,1,1,1,42,3,1,2,3,1,1,2,0,1,375.75,0
0,24,4,1,2197,4,1,4,3,1,4,3,43,3,1,2,1,1,2,2,0,1,91.54,0
2,12,2,3,1881,3,0,2,2,1,2,3,44,3,0,1,3,2,2,2,0,1,156.75,0
3,18,4,3,1880,3,1,4,4,1,1,2,32,3,1,2,0,2,2,2,0,0,104.44,0
3,18,2,3,2389,3,2,4,2,1,1,3,27,2,1,1,1,2,1,2,0,0,132.72,1
1,24,2,3,1967,3,3,4,2,1,4,3,20,3,1,1,1,2,2,2,0,3,81.96,0
0,4,4,0,3380,3,1,1,2,1,1,1,37,3,1,1,1,1,1,2,0,1,845.0,1
0,4,4,0,1455,3,1,2,3,1,1,1,42,3,1,3,3,1,1,2,0,1,363.75,0
0,7,4,3,730,4,3,4,3,1,2,2,46,3,0,2,3,2,2,2,0,1,104.29,0
1,18,0,2,3244,3,0,1,2,1,4,3,33,1,1,2,1,2,2,2,0,0,180.22,1
1,9,2,3,1670,3,2,4,2,1,2,3,22,3,1,1,1,2,2,2,1,3,185.56,0
1,48,2,3,3979,4,1,4,3,1,1,3,41,3,1,2,1,1,2,2,0,1,82.9,1
1,12,2,2,1922,3,0,4,3,1,2,2,37,3,1,1,3,2,1,2,1,1,160.17,0
1,18,4,2,1295,3,2,4,2,1,1,2,27,3,1,2,1,2,1,2,0,0,71.94,0
0,4,4,3,1544,3,1,2,3,1,1,1,42,3,1,3,3,1,1,2,0,1,386.0,0
1,8,2,9,907,3,2,3,4,1,2,1,26,3,1,1,1,2,2,2,0,0,113.38,0
1,30,2,3,1715,4,0,4,2,1,1,3,26,3,1,1,1,2,1,2,0,0,57.17,0
2,10,4,3,1347,4,1,4,3,1,2,2,27,3,1,2,1,2,2,2,0,0,134.7,0
1,12,2,0,1007,0,0,4,4,1,1,1,22,3,1,1,1,2,1,2,0,3,83.92,0
0,12,4,2,1402,2,1,3,2,1,4,3,37,3,0,1,1,2,2,2,0,1,116.83,0
1,12,2,0,2002,3,1,3,3,1,4,2,30,3,0,1,1,1,2,2,0,0,166.83,0
0,12,4,6,2096,3,1,2,3,1,3,1,49,3,1,1,3,1,1,2,0,1,174.67,0
0,12,2,0,1101,3,0,3,4,1,2,1,27,3,1,2,1,2,2,2,0,0,91.75,0
0,10,2,8,894,4,1,4,2,1,3,2,40,3,1,1,1,2,2,2,0,1,89.4,0
1,11,2,2,1577,0,2,4,2,1,1,1,20,3,1,1,1,2,1,2,0,3,143.36,0
0,33,3,9,2764,3,0,2,2,1,2,3,26,3,1,2,1,2,2,2,0,0,83.76,1
1,48,0,0,8358,2,2,1,2,1,1,3,30,3,1,2,1,2,1,2,0,0,174.12,1
2,12,2,2,1474,3,2,4,2,1,1,2,33,1,1,1,0,2,2,2,0,0,122.83,0
0,24,2,1,5433,4,4,2,2,1,4,2,26,3,0,1,0,2,2,2,0,0,226.38,1
1,14,2,9,1410,2,3,1,4,1,2,1,35,3,1,1,1,2,2,2,0,0,100.71,0
0,20,4,0,3485,4,2,2,1,1,4,1,44,3,1,2,1,2,2,2,0,1,174.25,1
0,18,4,1,3850,3,1,3,3,1,1,3,27,3,1,2,1,2,1,2,0,0,213.89,1
1,60,2,0,7408,1,2,4,2,1,2,2,24,3,1,1,0,2,1,2,1,3,123.47,1
2,24,2,3,1377,1,3,4,2,1,2,4,47,3,2,1,1,2,2,2,0,1,57.38,0
0,30,3,9,4272,1,0,2,3,1,2,2,26,3,1,2,3,2,1,2,0,0,142.4,1
1,24,3,3,1553,1,1,3,2,1,2,2,23,3,0,2,1,2,2,2,0,3,64.71,0
1,36,3,9,9857,1,1,1,3,1,3,2,31,3,1,2,3,1,2,2,0,0,273.81,1
0,6,4,0,362,1,0,4,2,1,4,3,52,3,1,2,3,2,1,2,0,2,60.33,0
0,12,4,2,1935,3,3,4,3,1,4,1,43,3,1,3,1,2,2,2,0,1,161.25,0
0,48,2,3,10222,4,1,4,3,1,3,3,37,2,1,1,1,2,2,2,0,1,212.96,1
2,12,2,0,1330,3,2,4,3,1,1,1,26,3,1,1,1,2,1,2,0,0,110.83,0
0,36,2,6,9055,4,0,2,3,1,4,4,35,3,2,1,3,1,2,2,0,0,251.53,1
1,26,2,1,7966,3,2,2,3,1,3,3,30,3,1,2,1,2,1,2,0,0,306.38,1
1,30,1,2,3496,0,0,4,3,1,2,3,34,2,1,1,1,1,2,2,0,0,116.53,1
1,36,2,1,6948,3,0,2,3,1,2,3,35,3,0,1,0,2,2,2,0,0,193.0,1
1,48,0,9,12204,4,0,2,3,1,2,3,48,1,1,1,0,2,2,2,0,1,254.25,1
3,36,2,2,3446,3,3,4,3,1,2,3,42,3,1,1,1,1,1,2,1,1,95.72,1
3,12,2,6,684,3,0,4,3,1,4,3,40,3,0,1,3,1,1,2,1,1,57.0,0
3,33,4,2,4281,2,0,1,2,1,4,3,23,3,1,2,1,2,1,2,1,3,129.73,1
3,42,2,3,7174,4,1,4,2,1,3,3,30,3,1,1,0,2,2,2,1,0,170.81,1
3,24,1,3,1546,3,1,4,3,3,4,3,24,1,0,1,3,2,1,2,1,3,64.42,0
3,24,2,2,2359,1,4,1,1,1,1,2,33,3,1,1,1,2,1,2,1,0,98.29,1
0,24,2,3,3621,1,3,2,3,1,4,3,31,3,1,2,1,2,1,2,1,0,150.88,1
3,12,2,4,741,1,4,4,2,1,3,2,22,3,1,1,1,2,1,2,1,3,61.75,0
3,12,2,2,7865,3,3,4,3,1,4,4,53,3,2,1,0,2,2,2,1,2,655.42,1
3,24,2,1,2910,3,1,2,3,1,1,4,34,3,2,1,0,2,2,2,0,0,121.25,1
3,18,4,0,5302,3,3,2,3,1,4,4,36,3,2,3,0,2,2,2,0,1,294.56,1
3,36,2,2,3620,3,0,1,3,3,2,2,37,3,1,1,1,1,1,2,0,1,100.56,1
3,18,2,3,3509,3,1,4,2,3,1,1,25,3,1,1,1,2,1,2,0,3,194.94,1
1,12,2,2,3017,3,2,3,2,1,1,1,34,3,0,1,0,2,1,2,0,0,251.42,1
3,12,2,2,1657,3,0,2,3,1,2,1,27,3,1,1,1,2,1,2,0,0,138.08,0
3,8,4,10,1164,3,3,3,3,1,4,4,51,1,2,2,0,1,2,2,0,2,145.5,0
3,36,4,2,6229,3,2,4,2,2,4,4,23,3,0,2,3,2,2,2,1,3,173.03,1
3,24,1,0,1193,3,4,1,2,2,4,4,29,3,0,2,2,2,1,2,1,0,49.71,0
3,30,0,2,4583,3,0,2,1,3,2,1,32,3,1,2,1,2,1,2,0,0,152.77,1
3,36,4,2,5371,3,0,3,3,3,2,2,28,3,1,2,1,2,1,2,0,0,149.19,1
3,12,2,2,708,3,0,2,3,3,3,2,38,3,1,1,3,1,1,2,0,1,59.0,0
3,21,4,0,571,3,3,4,3,1,4,1,65,3,1,2,1,2,1,2,0,2,27.19,0
3,30,2,3,2522,3,3,1,3,3,3,2,39,3,1,1,1,1,1,2,0,1,84.07,1
3,36,2,2,5179,3,1,4,3,1,2,2,29,3,1,1,1,2,1,2,1,0,143.86,1
3,36,2,1,8229,3,0,2,3,1,2,2,26,3,1,1,1,1,1,2,1,0,228.58,1
0,24,4,2,2028,3,1,2,3,1,2,2,30,3,1,2,3,2,1,2,0,0,84.5,0
3,6,2,0,1374,4,4,4,2,1,3,2,75,3,1,1,0,2,2,2,0,2,229.0,0
3,12,2,2,1289,3,0,4,3,3,1,2,21,3,1,1,3,2,1,2,0,3,107.42,0
3,36,2,2,2712,3,3,2,3,1,2,2,41,1,1,1,1,1,1,2,1,1,75.33,1
3,15,4,2,975,3,0,2,1,1,3,2,25,3,1,2,1,2,1,2,0,3,65.0,0
1,6,3,2,1050,3,4,4,3,1,1,2,35,2,1,2,0,2,2,1,0,0,175.0,0
3,6,4,0,609,3,1,4,2,1,3,2,37,3,1,2,1,2,1,2,0,1,101.5,0
3,48,2,1,4788,3,1,4,3,1,3,2,26,3,1,1,1,1,1,2,0,0,99.75,1
1,24,2,2,3069,1,3,4,3,1,4,4,30,3,2,1,1,2,1,2,0,0,127.88,1
1,12,2,0,836,1,2,4,2,1,2,2,23,1,1,1,3,2,1,2,1,3,69.67,0
3,12,2,2,2577,3,0,2,1,1,1,3,42,3,1,1,1,2,1,2,0,1,214.75,1
3,12,2,2,1620,3,0,2,2,2,3,2,30,3,1,1,1,2,1,2,0,0,135.0,0
3,15,2,2,1845,3,2,4,2,3,1,2,46,3,0,1,1,2,1,2,0,1,123.0,0
3,24,2,1,6579,3,4,4,3,1,2,4,29,3,2,1,0,2,2,2,0,0,274.12,1
3,12,2,0,1893,3,0,4,2,3,4,2,29,3,1,1,1,2,2,2,0,0,157.75,0
3,30,4,1,10623,3,3,3,3,1,4,4,38,3,2,3,0,1,2,2,0,1,354.1,1
3,18,2,0,2249,1,1,4,3,1,3,3,30,3,1,1,0,1,2,2,0,0,124.94,0
3,30,2,2,3108,3,2,2,1,1,4,2,31,3,1,1,3,2,1,2,1,0,103.6,1
1,12,4,0,958,3,1,2,3,1,3,1,47,3,1,2,3,1,1,2,0,1,79.83,0
0,24,2,1,9277,4,0,2,1,1,4,4,48,3,2,1,1,2,2,2,0,1,386.54,1
0,24,4,10,6314,3,4,4,3,2,2,4,27,1,1,2,0,2,2,2,0,0,263.08,1
3,12,4,1,1526,3,3,4,3,1,4,4,66,3,2,2,0,2,1,2,0,2,127.17,0
3,12,2,2,3590,3,0,2,3,2,2,2,29,3,1,1,3,1,1,2,0,0,299.17,1
3,24,4,1,6615,3,4,2,3,1,4,4,75,3,2,2,0,2,2,2,0,2,275.62,1
3,6,4,2,1872,3,4,4,3,1,4,4,36,3,2,3,0,2,2,2,0,1,312.0,0
0,12,2,0,2859,4,4,4,3,1,4,4,38,3,1,1,0,2,2,2,0,1,238.25,1
0,18,4,3,1582,0,3,4,3,1,4,3,46,3,1,2,1,2,1,2,0,1,87.89,0
0,6,2,8,1238,4,4,4,3,1,4,2,36,3,1,1,0,1,2,2,0,1,206.33,0
3,12,2,2,2578,3,4,3,2,1,4,4,55,3,2,1,0,2,1,2,0,2,214.83,1
3,15,4,2,1433,3,0,4,2,1,3,2,25,3,0,2,1,2,1,2,0,3,95.53,0
3,42,2,2,7882,3,1,2,3,3,4,2,45,3,2,1,1,1,1,2,0,1,187.67,1
3,24,2,2,4169,3,0,4,3,1,4,2,28,3,1,1,1,2,1,2,0,0,173.71,1
3,36,2,2,3959,3,4,4,3,1,3,2,30,3,1,1,0,2,2,2,0,0,109.97,1
3,36,2,0,3249,3,1,2,3,1,4,4,39,1,2,1,0,1,2,2,0,1,90.25,1
3,24,2,2,3149,3,2,4,3,1,1,4,22,1,2,1,1,2,1,2,0,3,131.21,1
3,12,4,2,2246,3,3,3,3,1,3,2,60,3,1,2,1,2,1,2,1,2,187.17,0
3,13,4,9,1797,3,2,3,3,1,1,2,28,1,1,2,3,2,1,2,0,0,138.23,0
3,20,4,2,4272,3,3,1,2,1,4,2,24,3,1,2,1,2,1,2,0,3,213.6,1
3,24,4,1,2957,3,3,4,3,1,4,2,63,3,1,2,1,2,2,2,0,2,123.21,1
3,36,4,2,2348,3,0,3,4,1,2,2,46,3,1,2,1,2,2,2,0,1,65.22,1
2,42,0,9,6289,3,2,2,1,1,1,2,33,3,1,2,1,2,1,2,0,0,149.74,1
3,24,4,1,6419,3,3,2,2,1,4,4,44,3,2,2,0,1,2,2,0,1,267.46,1
3,48,4,1,6143,3,3,4,2,1,4,4,58,2,2,2,3,2,1,2,1,2,127.98,1
0,24,4,6,1597,3,3,4,3,1,4,4,54,3,2,2,1,1,1,2,0,2,66.54,0
3,36,2,10,15857,3,4,2,1,2,3,3,43,3,1,1,0,2,1,2,0,1,440.47,1
0,24,4,3,2223,1,3,4,3,1,4,2,52,1,1,2,1,2,1,2,0,2,92.62,0
0,48,3,3,7238,4,3,3,3,1,3,3,32,1,1,2,1,1,1,2,0,0,150.79,1
1,30,3,9,2503,1,3,4,3,1,2,2,41,2,1,2,1,2,1,2,0,1,83.43,1
1,18,2,9,2622,1,0,4,3,1,4,3,34,3,1,1,1,2,1,2,0,0,145.67,1
1,24,2,2,4351,4,0,1,2,1,4,2,48,3,1,1,3,2,2,2,0,1,181.29,1
1,6,2,3,368,4,3,4,3,1,4,2,38,3,1,1,1,2,1,2,0,1,61.33,0
1,12,2,8,754,4,3,4,3,1,4,2,38,3,1,2,1,2,1,2,0,1,62.83,0
0,24,4,3,2424,4,3,4,3,1,4,2,53,3,1,2,1,2,1,2,0,2,101.0,1
1,48,3,9,6681,4,0,4,3,1,4,4,38,3,2,1,1,1,2,2,0,1,139.19,1
1,18,3,9,2427,4,3,4,3,1,2,2,42,3,1,2,1,2,1,2,0,1,134.83,1
1,24,4,3,1216,1,2,4,3,1,4,4,38,1,1,2,1,1,1,2,1,1,50.67,0
1,6,2,3,753,3,0,2,2,3,3,1,64,3,1,1,1,2,1,2,0,2,125.5,0
1,7,2,3,2576,3,0,2,3,3,2,1,35,3,1,1,1,2,1,1,0,0,368.0,1
1,6,2,3,590,3,2,3,4,1,3,1,26,3,1,1,3,2,1,1,0,0,98.33,0
1,8,2,3,1414,3,0,4,3,3,2,1,33,3,1,1,1,2,1,1,0,0,176.75,0
1,12,2,3,1103,3,1,4,3,3,3,1,29,3,1,2,1,2,1,2,0,0,91.92,0
1,12,3,3,585,3,0,4,4,2,4,1,20,3,0,2,1,2,1,2,0,3,48.75,0
1,6,2,3,1068,3,3,4,3,1,4,3,28,3,1,1,1,1,1,2,0,0,178.0,0
3,8,4,0,713,3,3,4,3,1,4,1,47,3,1,2,3,2,1,2,0,1,89.12,0
1,12,2,3,1092,3,0,4,2,3,4,1,49,3,1,2,1,2,2,2,0,1,91.0,0
1,7,2,3,2329,3,2,1,2,3,1,1,45,3,1,1,1,2,1,2,0,1,332.71,1
1,13,4,3,882,3,2,4,3,3,4,1,23,3,1,2,1,2,1,2,0,3,67.85,0
1,18,2,3,866,3,0,4,4,3,2,1,25,3,1,1,3,2,1,2,0,3,48.11,0
1,7,2,3,2415,3,0,3,3,3,2,1,34,3,1,1,1,2,1,2,0,0,345.0,1
1,13,2,3,2101,3,2,2,2,3,4,2,23,3,1,1,3,2,1,2,0,3,161.62,0
1,18,2,3,1301,3,3,4,4,3,2,1,32,3,1,1,3,2,1,2,0,0,72.28,0
1,18,2,3,1113,3,0,4,2,3,4,1,26,3,1,1,3,1,1,2,0,0,61.83,0
1,8,2,3,760,3,1,4,2,3,2,1,44,3,1,1,3,2,1,2,0,1,95.0,0
1,12,2,3,625,3,2,4,4,3,1,1,26,1,1,1,3,2,1,2,0,0,52.08,0
2,6,4,0,1323,1,3,2,1,1,4,3,28,3,1,2,1,1,2,2,0,0,220.5,0
3,9,4,3,1138,3,0,4,3,1,4,1,25,3,1,2,3,2,1,2,0,3,126.44,0
1,18,4,3,1795,3,3,3,2,3,4,1,48,1,0,2,3,2,2,2,0,1,99.72,0
1,15,4,3,2728,4,1,4,3,3,2,1,35,1,1,3,1,2,2,2,0,0,181.87,1
1,6,2,3,484,3,1,3,4,3,3,1,28,1,1,1,3,2,1,2,0,0,80.67,0
1,10,1,3,1048,3,0,4,3,1,4,1,23,2,1,1,3,2,1,2,0,3,104.8,0
1,12,2,3,1155,3,3,3,4,3,3,1,40,1,1,2,3,2,1,2,0,1,96.25,0
1,20,3,1,7057,4,1,3,3,1,4,2,36,1,0,2,0,1,2,2,0,1,352.85,1
1,15,4,3,1537,4,3,4,3,3,4,1,50,3,1,2,1,2,2,2,0,1,102.47,0
3,12,2,3,2214,3,0,4,3,1,3,2,24,3,1,1,3,2,1,2,0,3,184.5,0
0,24,4,2,1585,3,1,4,3,1,3,2,40,3,1,2,1,2,1,2,0,1,66.04,0
1,10,2,2,1521,3,0,4,1,1,2,3,31,3,1,1,3,2,1,2,0,0,152.1,0
1,36,1,4,3990,4,2,3,2,1,2,4,29,1,1,1,2,2,1,2,0,0,110.83,1
2,18,2,2,3049,3,2,1,2,1,1,2,45,2,1,1,3,2,1,2,0,1,169.39,1
3,24,2,3,1282,1,0,4,2,1,2,3,32,3,1,1,3,2,1,2,1,0,53.42,0
0,60,2,3,10144,1,1,2,2,1,4,1,21,3,1,1,1,2,2,2,0,3,169.07,1
3,12,2,0,1168,3,0,4,4,1,3,1,27,3,1,1,3,2,1,2,0,0,97.33,0
1,6,2,5,454,3,2,3,4,1,1,2,22,3,1,1,3,2,1,2,0,3,75.67,0
0,15,3,1,3594,3,2,1,2,1,2,2,46,3,1,2,3,2,1,2,0,1,239.6,1
0,12,2,2,1768,3,0,3,3,1,2,1,24,3,0,1,3,2,1,2,0,3,147.33,0
0,60,3,3,15653,3,1,2,3,1,4,3,21,3,1,2,1,2,2,2,0,3,260.88,1
2,12,3,0,2247,3,0,2,2,1,2,3,36,2,1,2,1,2,2,2,0,1,187.25,0
0,24,2,3,1413,3,0,4,4,1,2,2,28,3,1,1,1,2,1,2,0,0,58.88,0
1,45,4,1,4576,1,4,3,3,1,4,3,27,3,1,1,1,2,1,2,0,0,101.69,1
3,24,4,3,1231,0,3,4,2,1,4,2,57,3,0,2,0,2,2,2,0,2,51.29,0
3,36,2,1,8335,4,3,3,3,1,4,4,47,3,2,1,1,2,1,2,1,1,231.53,1
1,36,4,1,5800,3,0,3,3,1,4,3,34,3,1,2,1,2,2,2,0,0,161.11,1
3,18,3,6,8471,4,0,1,2,1,2,3,23,3,0,2,1,2,2,2,0,3,470.61,1
3,30,2,2,3622,0,3,4,2,1,4,2,57,3,0,2,1,2,2,2,0,2,120.73,1
3,6,4,3,1169,4,3,4,3,1,4,1,67,3,1,2,1,2,2,2,0,2,194.83,0
0,15,2,4,1262,2,1,4,3,1,3,2,36,3,1,2,1,2,2,2,0,1,84.13,0
2,24,4,2,3617,4,3,4,3,2,4,4,20,3,0,2,1,2,1,2,0,3,150.71,1
1,30,4,0,2181,4,3,4,3,1,4,1,36,3,1,2,1,2,1,2,0,1,72.7,0
3,48,1,9,7685,3,1,2,2,3,4,3,37,3,0,1,1,2,1,2,1,1,160.1,1
0,48,4,6,6110,3,0,1,3,1,3,4,31,1,2,1,1,2,2,2,0,0,127.29,1
0,24,2,0,3757,3,3,4,2,2,4,4,62,3,2,1,1,2,2,2,0,2,156.54,1
3,42,4,5,3394,3,4,4,3,2,4,3,65,3,1,2,2,2,1,2,0,2,80.81,1
0,36,4,9,6304,4,3,4,3,1,4,1,36,3,1,2,1,2,1,2,0,1,175.11,1
0,9,4,6,1244,4,3,4,2,1,4,2,41,3,0,2,3,2,1,2,0,1,138.22,0
0,6,2,0,3518,3,0,2,3,3,3,2,26,3,0,1,1,2,1,2,0,0,586.33,1
0,36,0,5,2613,3,0,4,3,1,2,3,27,3,1,2,1,2,1,2,0,0,72.58,1
3,48,2,6,7476,3,1,4,3,1,1,4,50,3,2,1,0,2,2,2,0,1,155.75,1
0,24,2,9,4591,0,0,2,3,1,3,2,54,3,1,3,0,2,2,2,1,2,191.29,1
1,18,2,2,1924,4,2,4,2,1,3,1,27,3,0,1,1,2,1,2,1,0,106.89,0
1,72,2,3,5595,1,0,2,4,1,2,3,24,3,1,1,1,2,1,2,1,3,77.71,1
1,48,3,6,6224,3,3,4,3,1,4,4,50,3,2,1,1,2,1,2,1,1,129.67,1
2,15,2,6,1905,3,3,4,3,1,4,3,40,3,0,1,0,2,2,2,0,1,127.0,0
0,21,3,1,2993,3,0,3,3,1,2,1,28,2,1,2,3,2,1,2,0,0,142.52,1
0,36,3,1,8947,4,1,3,3,1,2,3,31,2,1,1,0,1,2,2,0,0,248.53,1
3,24,2,2,4020,3,0,2,3,1,2,3,27,2,1,1,1,2,1,2,0,0,167.5,1
1,18,2,1,2779,3,0,1,4,1,3,3,21,3,0,1,1,2,2,2,0,3,154.39,1
0,21,2,0,2782,2,1,1,2,1,2,3,31,1,1,1,0,2,1,2,0,0,132.48,1
0,12,2,0,1884,3,3,4,3,1,4,3,39,3,1,1,0,2,2,2,0,1,157.0,0
0,36,4,1,11054,4,0,4,3,1,2,3,30,3,1,1,0,2,2,2,0,0,307.06,1
1,60,3,3,9157,4,0,2,3,1,2,4,27,3,2,1,0,2,1,2,0,0,152.62,1
1,42,1,1,9283,3,4,1,3,1,2,4,55,1,2,1,0,2,2,2,0,2,221.02,1
0,60,2,0,6527,4,0,4,3,1,4,4,34,3,2,1,1,1,2,2,0,0,108.78,1
0,15,4,1,3368,0,3,3,3,1,4,4,23,3,0,2,1,2,2,2,0,3,224.53,1
3,15,2,0,2511,3,4,1,2,1,4,3,23,3,0,1,1,2,1,2,0,3,167.4,1
3,36,2,1,5493,3,3,2,3,1,4,4,42,3,2,1,1,1,1,2,0,1,152.58,1
0,6,2,4,1338,2,0,1,1,1,4,1,62,3,1,1,1,2,1,2,0,2,223.0,0
1,9,2,3,1082,3,3,4,3,1,4,3,37,3,1,2,3,2,1,2,0,1,120.22,0
0,18,4,3,1149,0,0,4,3,1,3,1,46,3,1,2,1,2,1,2,0,1,63.83,0
1,15,2,5,1308,3,3,4,3,1,4,3,38,3,1,2,3,2,1,2,0,1,87.2,0
1,20,0,1,6148,1,3,3,4,1,4,3,31,1,1,2,1,2,2,2,0,0,307.4,1
0,12,2,2,1736,3,1,3,2,1,4,1,31,3,1,1,3,2,1,2,0,0,144.67,0
0,12,2,3,3059,0,1,2,1,1,4,1,61,3,1,1,3,2,1,2,0,2,254.92,1
3,24,2,2,2996,4,0,2,4,1,4,3,20,3,1,1,1,2,1,2,1,3,124.83,1
0,30,4,1,7596,4,3,1,3,1,4,3,63,3,1,2,1,2,1,2,0,2,253.2,1
0,30,2,1,4811,4,1,2,2,1,4,2,24,2,0,1,3,2,1,2,0,3,160.37,1
0,6,2,2,1766,3,0,1,4,1,2,2,21,3,0,1,1,2,1,2,0,3,294.33,0
1,24,2,1,2760,4,3,4,3,1,4,4,36,1,2,1,1,2,2,2,0,1,115.0,1
0,24,4,5,5507,3,3,3,3,1,4,4,44,3,2,2,1,2,1,2,0,1,229.46,1
1,9,2,6,1199,3,1,4,2,1,4,2,67,3,1,2,0,2,2,2,0,2,133.22,0
2,24,2,2,2892,3,3,3,1,1,4,4,51,3,2,1,1,2,1,2,0,2,120.5,1
1,36,3,0,2862,1,3,4,3,1,3,4,30,3,2,1,1,2,1,2,0,0,79.5,1
3,9,2,0,654,3,0,4,3,1,3,3,28,3,1,1,3,2,1,2,1,0,72.67,0
1,9,4,6,1136,0,3,4,3,1,3,4,32,3,2,2,1,1,1,2,1,0,126.22,0
1,24,2,1,4113,2,2,3,2,1,4,3,28,3,0,1,1,2,1,2,1,0,171.38,1
1,6,2,0,14555,4,4,1,3,1,2,2,23,3,1,1,2,2,2,2,1,3,2425.83,1
3,15,0,0,950,3,3,4,3,1,3,3,33,3,0,2,1,1,1,2,1,0,63.33,0
3,24,4,0,1199,3,3,4,3,1,4,3,60,3,1,2,3,2,1,2,1,2,49.96,0
3,12,0,0,1082,3,0,4,3,1,4,3,48,1,1,2,1,2,1,2,1,1,90.17,0
1,30,2,0,2150,3,0,4,2,3,2,4,24,1,1,1,1,2,1,2,1,3,71.67,0
1,36,4,0,2820,3,2,4,1,1,4,3,27,3,1,2,1,2,1,2,1,0,78.33,1
1,48,2,3,3060,3,1,4,3,1,4,1,28,3,1,2,1,2,1,2,1,0,63.75,1
3,18,2,3,2600,3,0,4,3,1,4,4,65,3,2,2,1,2,1,2,1,2,144.44,1
0,21,0,0,5003,4,0,1,2,1,4,2,29,1,1,2,1,2,2,2,1,0,238.24,1
1,60,2,6,6288,3,0,4,3,1,4,4,42,3,2,1,1,2,1,2,1,1,104.8,1
0,24,3,0,2538,3,3,4,3,1,4,3,47,3,1,2,3,1,1,2,1,1,105.75,1
0,9,2,3,1478,3,1,4,3,1,2,3,22,3,1,1,1,2,1,2,1,3,164.22,0
1,39,4,3,4933,3,1,2,3,3,2,1,25,3,1,2,1,2,1,2,1,3,126.49,1
0,18,4,0,1530,3,0,3,3,1,2,2,32,1,1,2,1,2,1,2,1,0,85.0,0
1,9,1,0,1437,1,1,2,3,1,3,4,29,3,1,1,1,2,1,2,1,0,159.67,0
3,15,2,4,1275,4,0,4,2,1,2,3,24,3,0,1,1,2,1,2,1,3,85.0,0
3,24,2,3,1823,3,4,4,3,1,2,3,30,2,1,1,0,1,1,2,1,0,75.96,0
3,9,2,0,1422,3,2,3,3,1,2,4,27,3,2,1,0,2,2,2,1,0,158.0,0
3,18,2,4,1217,3,0,4,4,1,3,1,47,3,1,1,3,2,2,2,1,1,67.61,0
3,36,2,0,9271,3,1,2,3,1,1,3,24,3,1,1,1,2,2,2,1,3,257.53,1
3,36,3,9,2145,3,1,2,3,1,1,3,24,3,1,2,1,2,2,2,1,3,59.58,0
3,36,2,0,1842,3,2,4,2,1,4,3,34,3,1,1,1,2,2,2,1,0,51.17,0
1,18,3,2,4297,3,3,4,1,1,3,4,40,3,1,1,0,2,2,2,1,1,238.72,1
3,6,4,2,3384,3,0,1,1,1,4,1,44,3,0,1,0,2,2,2,1,1,564.0,1
1,18,4,3,1245,3,0,4,4,1,2,3,33,3,1,1,1,2,1,2,1,0,69.17,0
0,15,2,6,4623,1,0,3,3,1,2,2,40,3,1,1,0,2,2,2,1,1,308.2,1
1,30,4,2,8386,3,1,2,3,1,2,2,49,3,1,1,1,2,1,2,1,1,279.53,1
3,24,3,3,1024,3,2,4,4,1,4,1,48,2,1,1,1,2,1,2,1,1,42.67,0
1,36,2,0,14318,3,3,4,3,1,2,4,57,3,2,1,0,2,2,2,1,2,397.72,1
1,6,1,6,433,0,2,4,2,1,2,2,24,1,0,1,1,1,1,2,1,3,72.17,0
3,12,1,3,2149,3,0,4,1,1,1,4,29,3,2,1,1,2,1,2,1,0,179.08,0
0,24,2,3,2397,2,3,3,3,1,2,3,35,1,1,2,1,2,2,2,1,0,99.88,1
1,6,1,0,931,1,2,1,2,1,1,2,32,2,1,1,3,2,1,2,1,0,155.17,0
1,15,3,5,1512,0,0,3,4,1,3,2,61,2,1,2,1,2,1,2,1,2,100.8,0
1,24,0,9,4241,3,0,1,3,1,4,1,36,3,1,3,3,2,2,2,1,1,176.71,1
1,24,4,2,4736,3,2,2,2,1,4,3,25,1,1,1,3,2,1,2,1,3,197.33,1
1,15,0,0,1778,3,2,2,2,1,1,1,26,3,0,2,2,2,1,2,1,0,118.53,0
2,15,2,3,2327,3,2,2,2,1,3,1,25,3,1,1,3,2,1,2,1,3,155.13,1
3,24,1,2,6872,3,2,2,1,1,1,2,55,1,1,1,1,2,2,2,1,2,286.33,1
3,12,2,6,795,3,2,4,2,1,4,2,53,3,1,1,1,2,1,2,1,2,66.25,0
2,30,3,9,1908,3,3,4,3,1,4,1,66,3,1,1,0,2,2,2,1,2,63.6,0
1,36,0,9,1953,3,3,4,3,1,4,4,61,3,2,1,0,2,2,2,1,2,54.25,0
2,18,2,2,2864,3,0,2,3,1,1,1,34,3,1,1,3,1,1,2,1,0,159.11,1
2,21,4,6,2319,3,2,2,1,1,1,3,33,3,0,1,1,2,1,2,1,0,110.43,0
3,24,2,0,915,4,3,4,2,1,2,3,29,1,1,1,1,2,1,2,1,0,38.12,0
2,24,2,0,947,3,1,4,3,1,3,4,38,1,2,1,1,1,1,2,1,1,39.46,0
3,24,2,0,1381,4,0,4,2,1,2,2,35,3,1,1,1,2,1,2,1,0,57.54,0
3,24,2,0,1285,4,1,4,2,1,4,4,32,3,0,1,1,2,1,2,1,0,53.54,0
3,24,2,0,1371,4,0,4,2,1,4,1,25,3,0,1,1,2,1,2,1,3,57.12,0
1,18,2,0,1042,4,0,4,2,1,2,2,33,3,1,1,1,2,1,2,1,0,57.89,0
3,12,2,0,900,4,0,4,4,1,2,3,23,3,1,1,1,2,1,2,1,3,75.0,0
3,24,2,0,1207,3,2,4,2,1,4,2,24,3,0,1,1,2,1,2,1,3,50.29,0
1,18,0,0,2278,1,2,3,2,1,3,3,28,3,1,2,1,2,1,2,1,0,126.56,0
3,60,3,9,6836,3,3,3,3,1,4,4,63,3,1,2,1,2,2,2,1,2,113.93,1
3,24,2,2,3345,3,3,4,3,1,2,2,39,3,0,1,0,2,2,2,1,1,139.38,1
3,6,1,6,1198,3,3,4,2,1,4,4,35,3,2,1,1,2,1,2,1,0,199.67,0
1,48,2,9,15672,3,0,2,3,1,2,3,23,3,1,1,1,2,2,2,1,3,326.5,1
3,60,2,9,7297,3,3,4,3,2,4,4,36,3,0,1,1,2,1,2,1,1,121.62,1
0,18,2,5,1943,3,2,4,2,1,4,1,23,3,1,1,1,2,1,2,1,3,107.94,0
3,18,2,3,3190,3,0,2,2,1,2,1,24,3,1,1,1,2,1,2,1,3,177.22,1
1,9,1,1,5129,3,3,2,2,1,4,4,74,1,2,1,0,1,2,2,1,2,569.89,1
0,18,3,2,1808,3,1,4,2,1,1,1,22,3,1,1,1,2,1,2,1,3,100.44,0
2,10,2,0,1240,1,3,1,2,1,4,4,48,3,2,1,3,1,1,2,1,1,124.0,0
3,12,2,0,759,3,1,4,3,1,2,1,26,3,1,1,1,2,1,2,1,0,63.25,0
1,8,2,2,1237,3,0,3,2,1,4,1,24,3,1,1,1,2,1,2,1,3,154.62,0
0,9,2,2,1980,3,2,2,2,2,2,3,19,3,0,2,1,2,1,2,1,3,220.0,0
1,48,2,3,10961,0,1,1,3,2,2,4,27,1,1,2,1,2,2,2,1,0,228.35,1
3,36,3,6,6887,3,0,4,3,1,3,2,29,2,1,1,1,2,2,2,1,0,191.31,1
3,24,2,3,1938,3,2,4,1,1,3,2,32,3,1,1,1,2,1,2,1,0,80.75,0
3,21,2,3,1835,3,0,3,2,1,2,1,25,3,1,2,1,2,2,2,1,3,87.38,0
3,24,3,3,1659,3,2,4,2,1,2,3,29,3,0,1,3,2,2,2,1,0,69.12,0
1,6,3,0,1209,3,4,4,3,1,4,2,47,3,1,1,0,2,2,2,1,1,201.5,0
1,48,0,9,3844,1,1,4,3,1,4,4,34,3,2,1,3,1,1,2,1,0,80.08,1
3,12,4,0,4843,3,3,3,3,2,4,2,43,3,0,2,1,2,2,2,1,1,403.58,1
1,12,2,5,639,3,0,4,3,1,2,3,30,3,1,1,1,2,1,2,1,0,53.25,0
1,48,2,3,5951,3,0,2,2,1,2,1,22,3,1,1,1,2,1,2,1,3,123.98,1
1,36,0,3,3804,3,0,4,2,1,1,3,42,3,1,1,1,2,2,2,1,1,105.67,1
0,36,3,3,4463,3,0,4,3,1,2,3,26,3,1,2,0,2,2,2,1,0,123.97,1
0,36,3,9,7980,4,2,4,3,1,4,3,27,3,0,2,1,2,2,2,1,0,221.67,1
2,36,2,3,4210,3,0,4,3,1,2,3,26,3,1,1,1,2,1,2,1,0,116.94,1
0,6,2,2,4611,3,2,1,2,1,4,2,32,3,1,1,1,2,1,2,1,0,768.5,1
1,24,2,1,11560,3,0,1,2,1,4,3,23,3,0,2,0,2,1,2,1,3,481.67,1
0,18,0,9,4165,3,0,2,3,1,2,3,36,2,1,2,1,1,1,2,1,1,231.39,1
1,24,2,2,4057,3,1,3,1,1,3,3,43,3,1,1,1,2,2,2,1,1,169.04,1
0,18,1,0,6458,3,3,2,3,1,4,4,39,1,1,2,0,1,2,2,1,1,358.78,1
0,12,2,0,1386,2,0,2,2,1,2,2,26,3,1,1,1,2,1,2,1,0,115.5,0
3,36,2,6,1977,4,3,4,3,1,4,4,40,3,1,1,0,2,2,2,1,1,54.92,0
1,18,4,2,1928,3,2,2,3,1,2,1,31,3,1,2,3,2,1,2,1,0,107.11,0
0,12,2,2,1123,2,0,4,2,1,4,3,29,3,0,1,3,2,1,2,1,0,93.58,0
1,24,2,10,11328,3,0,2,3,2,3,3,29,1,1,2,0,2,2,2,1,0,472.0,1
1,24,4,10,11938,3,0,2,3,2,3,3,39,3,1,2,0,1,2,2,1,1,497.42,1
1,27,4,3,2520,2,0,4,3,1,2,2,23,3,1,2,3,2,1,2,1,3,93.33,1
1,30,3,3,1919,1,2,4,3,1,3,4,30,2,1,2,0,2,1,2,1,0,63.97,0
1,60,1,10,14782,1,3,3,2,1,4,4,60,1,2,2,0,2,2,2,1,2,246.37,1
1,36,2,3,2671,1,0,4,2,2,4,4,50,3,2,1,1,2,1,2,1,1,74.19,1
1,36,2,6,12612,1,0,1,3,1,4,4,47,3,2,1,1,1,2,2,1,1,350.33,1
1,45,2,3,3031,1,0,4,3,3,4,2,21,3,0,1,1,2,1,2,1,3,67.36,1
3,12,1,3,626,3,0,4,2,1,4,1,24,1,1,1,3,2,1,2,1,3,52.17,0
1,24,4,9,1935,3,3,4,1,1,4,1,31,3,1,2,1,2,2,2,1,0,80.62,0
2,24,4,0,1344,4,1,4,3,1,2,1,37,1,1,2,3,1,1,2,1,1,56.0,0
0,18,2,2,1533,3,2,4,4,2,1,2,43,3,1,1,3,1,1,2,1,1,85.17,0
3,48,2,0,3931,3,1,4,3,1,4,4,46,3,2,1,1,1,1,2,1,1,81.9,1
3,24,1,2,3349,2,2,4,3,1,4,4,30,3,2,1,1,1,2,2,1,0,139.54,1
3,36,2,3,2302,3,0,4,1,1,4,3,31,3,0,1,1,2,1,2,1,0,63.94,0
3,42,2,3,3965,3,2,4,3,1,3,3,34,3,1,1,1,2,1,2,1,0,94.4,1
3,12,2,3,727,1,2,4,4,1,3,4,33,3,1,1,3,2,2,2,1,0,60.58,0
0,48,2,9,3914,4,0,4,1,1,2,1,38,1,1,1,1,2,1,2,1,1,81.54,1
3,48,2,9,4308,3,2,3,2,1,4,2,24,3,0,1,1,2,1,2,1,3,89.75,1
1,12,2,3,1534,3,2,1,4,1,1,1,23,3,0,1,1,2,1,2,1,3,127.83,0
0,18,4,0,2775,3,1,2,3,1,2,2,31,1,1,2,1,2,1,2,1,0,154.17,1
3,40,4,6,5998,3,0,4,3,1,3,4,27,1,1,1,1,2,2,2,1,0,149.95,1
2,15,4,3,1271,4,0,3,3,1,4,4,39,3,2,2,1,2,2,2,1,1,84.73,0
1,12,2,0,1295,3,2,3,2,1,1,3,25,3,0,1,1,2,1,2,1,3,107.92,0
1,36,2,1,9398,3,2,1,4,1,4,3,28,3,0,1,0,2,2,2,1,0,261.06,1
1,12,2,2,951,1,2,4,2,1,4,3,27,1,0,4,1,2,1,2,1,0,79.25,0
1,24,2,0,1355,3,2,3,2,1,4,3,25,3,1,1,3,2,2,2,1,3,56.46,0
3,48,2,4,3051,3,0,3,3,1,4,3,54,3,1,1,1,2,1,2,1,2,63.56,1
0,36,4,0,7855,3,0,4,2,1,2,1,25,2,1,2,1,2,2,2,1,3,218.19,1
0,18,2,3,433,3,4,3,2,2,4,1,22,3,0,1,1,2,1,2,1,3,24.06,0
0,36,3,9,9572,3,2,1,1,1,1,3,28,3,1,2,1,2,1,2,1,0,265.89,1
1,24,1,6,1837,3,1,4,2,1,4,4,34,1,2,1,3,2,1,2,1,0,76.54,0
1,30,4,0,4249,3,4,4,4,1,2,3,28,3,1,2,0,2,1,2,1,0,141.63,1
1,30,4,0,5234,3,4,4,4,1,2,3,28,3,1,2,0,2,1,2,1,0,174.47,1
3,48,2,3,6758,3,0,3,2,1,2,3,31,3,1,1,1,2,2,2,1,0,140.79,1
3,9,2,3,1366,3,2,3,2,1,4,2,22,3,0,1,1,2,1,2,1,3,151.78,0
3,24,1,10,1358,4,3,4,3,1,3,3,40,2,1,1,0,2,2,2,1,1,56.58,0
3,18,2,2,2473,3,4,4,3,1,1,3,25,3,1,1,2,2,1,2,1,3,137.39,1
2,9,0,3,1337,3,2,4,3,1,2,3,34,3,1,2,0,2,2,2,1,0,148.56,0
3,48,2,0,7763,3,3,4,3,1,4,4,42,1,2,1,0,2,1,2,1,1,161.73,1
1,15,1,0,1264,1,0,2,4,1,2,2,25,3,0,1,1,2,1,2,1,3,84.27,0
1,15,2,0,2631,1,0,2,2,1,4,3,28,3,0,2,1,2,2,2,1,0,175.4,1
1,48,2,0,6560,1,1,3,3,1,2,2,24,3,1,1,1,2,1,2,1,3,136.67,1
3,24,2,0,3123,3,2,4,2,1,1,2,27,3,1,1,1,2,1,2,1,0,130.12,1
3,36,4,6,8065,3,0,3,2,1,2,4,25,3,1,2,0,2,2,2,1,3,224.03,1
3,24,2,3,2439,3,2,4,2,1,4,1,35,3,1,1,1,2,2,2,1,0,101.62,1
1,36,2,2,9034,1,2,4,3,2,1,4,29,3,0,1,0,2,2,2,1,0,250.94,1
1,60,2,0,14027,3,1,4,3,1,2,4,27,3,1,1,0,2,2,2,1,0,233.78,1
3,36,4,1,9629,3,1,4,3,1,4,3,24,3,1,2,1,2,2,2,1,3,267.47,1
1,12,2,3,1484,4,0,2,4,1,1,1,25,3,1,1,1,2,2,2,1,3,123.67,0
3,18,2,2,1131,3,4,4,2,1,2,3,33,3,1,1,1,2,1,2,1,0,62.83,0
1,24,3,2,2064,3,4,3,2,1,2,2,34,3,1,1,0,2,2,2,1,0,86.0,0
1,18,2,1,12976,3,4,3,2,1,4,4,38,3,2,1,0,2,2,2,1,1,720.89,1
0,21,3,9,2580,2,2,4,3,1,2,1,41,1,1,1,3,1,1,2,1,1,122.86,1
0,27,2,0,2570,3,0,3,2,1,3,1,21,3,0,1,1,2,1,2,1,3,95.19,1
1,27,2,9,3915,3,0,4,3,1,2,3,36,3,1,1,1,1,2,2,1,1,145.0,1
0,10,2,0,1309,4,0,4,3,3,4,2,27,3,1,1,3,2,1,2,1,0,130.9,0
3,24,2,0,4817,3,1,2,3,2,3,2,31,3,1,1,1,2,2,2,1,0,200.71,1
3,12,2,0,2579,3,2,4,3,1,1,1,33,3,1,1,3,1,1,2,1,0,214.92,1
1,36,3,0,2225,3,3,4,3,1,4,4,57,1,2,2,1,2,2,2,1,2,61.81,0
3,18,2,2,4153,3,0,2,3,2,3,3,42,3,1,1,1,2,1,2,1,1,230.72,1
3,18,0,2,3114,3,2,1,2,1,4,2,26,3,0,1,1,2,1,2,1,0,173.0,1
3,18,4,2,2124,3,0,4,2,1,4,1,24,3,0,2,1,2,1,2,1,3,118.0,0
3,18,1,2,1553,3,0,4,3,1,3,3,44,1,1,1,1,2,1,2,1,1,86.28,0
3,30,2,2,2406,3,1,4,2,1,4,1,23,3,0,1,1,2,1,2,1,3,80.2,1
3,24,3,0,1333,3,4,4,3,1,2,1,43,3,2,2,1,1,1,2,1,1,55.54,0
3,48,0,2,7119,3,0,3,3,1,4,4,53,3,2,2,1,1,1,2,1,2,148.31,1
3,24,3,0,4870,3,0,3,3,1,4,4,53,3,2,2,1,1,1,2,1,2,202.92,1
3,12,4,0,691,3,3,4,3,1,3,2,35,3,1,2,1,2,1,2,1,0,57.58,0
3,42,3,3,4370,3,1,3,3,1,2,2,26,1,1,2,1,1,2,2,1,0,104.05,1
3,36,1,2,2746,3,3,4,3,1,4,3,31,1,1,1,1,2,1,2,1,0,76.28,1
3,24,0,2,4110,3,3,3,3,1,4,4,23,1,0,2,1,1,1,2,1,3,171.25,1
3,18,2,2,2462,3,0,2,3,1,2,3,22,3,1,1,1,2,1,2,1,3,136.78,1
3,12,2,2,1282,3,0,2,2,1,4,3,20,3,0,1,1,2,1,2,1,3,106.83,0
1,12,0,2,2969,3,2,4,2,1,3,2,25,3,0,2,1,2,1,2,1,3,247.42,1
3,48,0,1,4605,3,3,3,3,1,4,4,24,3,2,2,1,1,1,2,1,3,95.94,1
3,48,4,1,6331,3,3,4,3,1,4,4,46,3,2,2,1,2,2,2,1,1,131.9,1
3,24,1,2,3552,3,1,3,3,1,4,3,27,1,1,1,1,2,1,2,1,0,148.0,1
3,12,1,0,697,3,2,4,3,1,2,3,46,1,1,2,1,2,2,2,1,1,58.08,0
3,24,2,0,1442,3,1,4,2,1,4,3,23,3,0,2,1,2,1,2,1,3,60.08,0
3,27,0,9,5293,3,4,2,3,1,4,2,50,3,1,2,1,2,2,2,1,1,196.04,1
3,21,3,6,3414,3,2,2,3,1,1,2,26,2,1,2,1,2,1,2,1,0,162.57,1
3,18,2,2,2039,3,0,1,2,1,4,1,20,3,0,1,1,2,1,2,1,3,113.28,0
3,24,1,9,3161,3,0,4,3,1,2,2,31,1,0,1,1,2,2,2,1,0,131.71,1
3,12,2,8,902,3,1,4,4,1,4,2,21,3,0,1,1,2,1,2,1,3,75.17,0
3,48,2,1,10297,3,1,4,3,1,4,4,39,3,2,3,1,1,2,2,1,1,214.52,1
1,48,0,9,14421,3,0,2,3,1,2,3,25,2,1,1,1,2,2,2,1,3,300.44,1
1,18,4,0,1056,3,3,3,3,3,3,1,30,3,1,2,1,2,1,2,1,0,58.67,0
3,12,2,0,1274,3,2,3,2,1,1,1,37,1,1,1,3,2,1,2,1,1,106.17,0
1,12,2,0,1223,3,3,1,1,1,1,1,46,3,0,2,1,2,1,2,1,1,101.92,0
3,12,2,0,1372,3,1,2,1,1,3,3,36,3,1,1,1,2,1,2,1,1,114.33,0
3,16,4,0,2625,3,3,2,3,3,4,2,43,3,0,1,1,2,2,1,1,1,164.06,1
3,20,4,0,2235,3,0,4,4,3,2,2,33,1,0,2,1,2,1,1,1,0,111.75,0
1,9,2,2,959,3,0,1,2,1,2,3,29,1,1,1,1,2,1,2,1,0,106.56,0
1,18,4,0,884,3,3,4,3,1,4,3,36,3,1,1,1,1,2,2,1,1,49.11,0
1,24,2,0,1246,3,2,4,3,1,2,1,23,1,1,1,3,2,1,2,1,3,51.92,0
1,36,3,0,8086,1,3,2,3,1,4,3,42,2,1,4,0,2,2,2,1,1,224.61,1
0,48,4,0,10127,2,0,2,3,1,2,4,44,3,2,1,1,2,1,2,1,1,210.98,1
1,12,2,0,888,3,3,4,3,1,4,3,41,1,1,1,3,1,1,2,1,1,74.0,0
0,12,2,6,719,3,3,4,3,1,4,3,41,1,1,1,3,1,1,2,1,1,59.92,0
1,36,2,0,12389,4,0,1,3,1,4,4,37,1,2,1,1,2,2,2,1,1,344.14,1
3,12,2,3,709,3,3,4,3,1,4,1,57,3,1,1,3,2,1,2,1,2,59.08,0
1,15,1,0,6850,1,4,1,3,1,2,2,34,2,1,1,0,1,2,2,1,0,456.67,1
0,10,2,2,2210,3,0,2,3,1,2,1,25,3,0,1,3,2,1,2,1,3,221.0,0
0,30,1,1,7485,4,4,4,2,1,1,1,53,1,1,1,0,2,2,2,1,2,249.5,1
3,18,1,0,1442,3,1,4,3,1,4,4,32,1,2,2,3,1,1,2,1,0,80.11,0
0,12,4,3,797,4,3,4,2,1,3,2,33,3,1,1,3,1,1,2,1,0,66.42,0
1,45,4,3,4746,3,2,4,3,1,2,2,24,1,1,2,3,2,1,2,1,3,105.47,1
2,12,4,0,939,2,1,4,4,1,2,1,28,3,1,3,1,2,2,2,1,0,78.25,0
1,21,2,9,1188,3,3,2,2,1,4,2,39,3,1,1,1,1,1,2,1,1,56.57,0
0,48,4,1,11590,1,0,2,2,1,4,3,24,3,0,2,3,2,1,2,1,3,241.46,1
2,12,1,9,609,3,2,4,2,1,1,1,26,1,1,1,2,2,1,2,1,0,50.75,0
3,18,4,5,1190,3,4,2,2,1,4,4,55,3,2,3,2,1,1,2,1,2,66.11,0
1,21,2,9,2767,1,3,4,1,1,2,3,61,3,0,2,3,2,1,2,1,2,131.76,1
1,30,2,2,3441,1,0,2,2,2,4,3,21,1,0,1,1,2,1,2,1,3,114.7,1
1,30,0,9,4280,1,0,4,2,1,4,3,26,3,0,2,3,2,1,2,1,0,142.67,1
1,24,2,3,3092,1,2,3,4,1,2,3,22,3,0,1,1,2,2,2,1,3,128.83,1
0,18,2,0,6761,4,0,2,3,1,4,3,68,2,0,2,1,2,1,2,1,2,375.61,1
1,12,2,3,1331,3,2,2,3,1,1,3,22,3,1,1,1,2,1,2,1,3,110.92,0
1,54,0,9,15945,3,2,3,3,1,4,4,58,3,0,1,1,2,2,2,1,2,295.28,1
3,24,2,2,3234,3,2,4,2,1,4,1,23,3,0,1,3,2,2,2,1,3,134.75,1
1,15,2,3,802,3,3,4,3,1,3,3,37,3,1,1,1,1,1,2,1,1,53.47,0
1,48,2,2,9960,3,2,1,2,1,2,3,26,1,1,1,1,2,2,2,1,0,207.5,1
0,24,3,9,8648,3,2,2,3,1,2,3,27,1,1,2,1,2,2,2,1,0,360.33,1
3,18,2,3,1345,3,0,4,4,1,3,1,26,3,1,1,1,2,1,2,1,0,74.72,0
3,45,2,3,1845,3,0,4,3,1,4,4,23,3,2,1,1,2,2,2,1,3,41.0,0
3,21,1,0,1647,4,0,4,3,1,2,2,40,1,1,2,3,1,1,2,1,1,78.43,0
0,48,2,9,4844,3,4,3,3,1,2,3,33,3,0,1,0,2,2,2,1,0,100.92,1
1,27,0,9,8318,3,3,2,2,1,4,4,42,2,2,2,0,2,2,2,1,1,308.07,1
2,18,2,3,2100,3,0,4,3,2,2,1,37,3,1,1,1,2,1,2,1,1,116.67,0
3,45,0,9,11816,3,3,2,3,1,4,3,29,3,0,2,1,2,1,2,1,0,262.58,1
3,6,2,6,448,3,2,4,2,1,4,2,23,3,1,1,1,2,1,2,1,3,74.67,0
3,30,2,5,11998,3,2,1,1,1,1,4,34,1,1,1,3,2,2,2,1,0,399.93,1
1,48,0,10,18424,3,0,1,2,1,2,2,32,1,1,1,0,2,2,1,1,0,383.83,1
3,6,2,0,14896,3,3,1,3,1,4,4,68,1,1,1,0,2,2,2,1,2,2482.67,1
1,12,2,2,2762,4,3,1,2,1,2,2,25,3,1,1,1,2,2,2,1,3,230.17,1
3,12,2,1,3386,3,3,3,3,1,4,4,35,3,2,1,1,2,2,2,1,0,282.17,1
1,24,2,3,2039,3,2,1,4,1,1,2,22,3,1,1,1,2,2,2,1,3,84.96,0
0,18,3,9,2169,3,0,4,4,1,2,3,28,3,1,1,1,2,2,2,1,0,120.5,0
1,48,4,2,5096,3,0,2,2,1,3,3,30,3,1,1,0,2,2,2,1,0,106.17,1
3,18,2,3,1882,3,0,4,2,1,4,3,25,1,0,2,1,2,1,2,1,3,104.56,0
3,48,2,3,6999,3,1,1,4,3,1,1,34,3,1,2,1,2,2,2,1,0,145.81,1
0,12,4,9,2292,3,4,4,3,1,2,3,42,2,1,2,0,2,2,2,1,1,191.0,0
3,14,2,0,8978,3,3,1,1,1,4,2,45,3,1,1,0,2,2,1,1,1,641.29,1
3,12,2,3,674,1,1,4,4,1,1,2,20,3,1,1,1,2,1,2,1,3,56.17,0
3,18,2,0,976,3,2,1,2,1,2,3,23,3,1,1,3,2,1,2,1,3,54.22,0
1,24,2,0,2718,3,0,3,2,1,4,2,20,3,0,1,3,2,2,2,1,3,113.25,1
3,18,2,6,750,3,4,4,2,1,1,1,27,3,1,1,2,2,1,2,1,0,41.67,0
1,24,2,1,12579,3,3,4,2,1,2,4,44,3,2,1,0,2,2,2,1,1,524.12,1
3,18,2,1,7511,4,3,1,3,1,4,2,51,3,2,1,1,1,2,2,1,2,417.28,1
3,18,4,0,3966,3,3,1,2,1,4,1,33,1,0,3,1,2,2,2,1,0,220.33,1
3,12,0,3,6199,3,0,4,3,1,2,2,28,3,0,2,1,2,2,2,1,0,516.58,1
3,24,2,3,1987,3,0,2,3,1,4,1,21,3,0,1,3,1,1,2,1,3,82.79,0
3,24,2,0,2303,3,3,4,3,2,1,1,45,3,1,1,1,2,1,2,1,1,95.96,0
0,21,4,0,12680,4,3,4,3,1,4,4,30,3,2,1,0,2,2,2,1,0,603.81,1
1,12,2,3,6468,4,4,2,3,1,1,4,52,3,1,1,0,2,2,2,1,2,539.0,1
3,30,2,2,6350,4,3,4,3,1,4,2,31,3,1,1,1,2,1,2,1,0,211.67,1
